/*******************************************************************************
 * Size: 40 px
 * Bpp: 4
 * Opts: --font C:\Users\setsu\Documents\Codex\2026-08-05\i\work\buyan\font_ttf\B612-Regular.ttf -r 0x20-0x7E,0xB0 --size 40 --bpp 4 --format lvgl --lv-font-name b612_40 -o main\font_b612_40.c
 ******************************************************************************/

#ifdef LV_LVGL_H_INCLUDE_SIMPLE
#include "lvgl.h"
#else
#include "lvgl.h"
#endif

#ifndef B612_40
#define B612_40 1
#endif

#if B612_40

/*-----------------
 *    BITMAPS
 *----------------*/

/*Store the image of the glyphs*/
static LV_ATTRIBUTE_LARGE_CONST const uint8_t glyph_bitmap[] = {
    /* U+0020 " " */

    /* U+0021 "!" */
    0x1f, 0xfc, 0x20, 0x1f, 0xff, 0xf0, 0xf, 0xfe,
    0xf8, 0x80, 0xe7, 0x7f, 0x8, 0x18, 0x80, 0x7f,
    0xc4, 0x40, 0xa, 0xf7, 0x56, 0xc, 0x80, 0x4,
    0x6f, 0x0, 0xdf, 0xa0, 0x1b, 0x52, 0x4, 0x50,
    0x80,

    /* U+0022 "\"" */
    0xff, 0xa0, 0x1, 0xff, 0x40, 0x5, 0xe0, 0x1f,
    0xfc, 0x3f, 0x10, 0x0, 0x80, 0x4, 0x0, 0x24,
    0x0, 0x20, 0x1, 0x0, 0x9, 0x80, 0xc, 0x0,
    0x50, 0x3, 0x68, 0x0, 0x80, 0x1c, 0x0, 0x23,
    0x3, 0x0, 0x8c, 0x8, 0x15, 0xe4, 0x2, 0x57,
    0x80,

    /* U+0023 "#" */
    0x0, 0xff, 0x9, 0x10, 0x3, 0xfe, 0x23, 0x0,
    0xff, 0xe0, 0x6f, 0xf6, 0xc0, 0x7, 0xe4, 0xff,
    0x6f, 0x0, 0x7f, 0xf0, 0x8, 0x2, 0x20, 0xf,
    0xc4, 0x1, 0x30, 0x7, 0xff, 0x13, 0x80, 0x3f,
    0x70, 0x4, 0x40, 0x1f, 0xfc, 0x42, 0x0, 0xfc,
    0x40, 0x17, 0x0, 0x7f, 0xf1, 0x18, 0x3, 0xf3,
    0x0, 0x44, 0x1, 0xff, 0x8, 0x6, 0x20, 0xf,
    0xc4, 0x1, 0x30, 0x7, 0xfc, 0x40, 0x10, 0x80,
    0x7f, 0x8, 0x4, 0x40, 0x1f, 0xf3, 0x0, 0x44,
    0x1, 0xf8, 0x80, 0x30, 0x80, 0x6a, 0xff, 0xf5,
    0x0, 0x47, 0xff, 0xfb, 0x40, 0x37, 0xff, 0x30,
    0x7, 0xff, 0x44, 0x80, 0x3f, 0xfa, 0x3d, 0xff,
    0xe2, 0x0, 0xaf, 0xff, 0xf2, 0x80, 0x51, 0xff,
    0xc0, 0x1f, 0x10, 0x4, 0xc0, 0x1f, 0x98, 0x2,
    0x20, 0xf, 0xf8, 0x40, 0x31, 0x80, 0x7e, 0x20,
    0x9, 0x80, 0x3f, 0xe2, 0x0, 0xc2, 0x1, 0xf8,
    0x40, 0x22, 0x0, 0xff, 0x98, 0x2, 0x20, 0xf,
    0xc4, 0x1, 0x84, 0x3, 0xfe, 0x20, 0x9, 0x80,
    0x3f, 0x30, 0x4, 0x40, 0x1f, 0xfc, 0xe, 0x0,
    0x88, 0x3, 0xf1, 0x0, 0x4c, 0x1, 0xff, 0xc0,
    0x20, 0xb, 0x80, 0x3f, 0x70, 0x4, 0x40, 0x1e,
    0xff, 0xf2, 0x0, 0x51, 0xff, 0xf9, 0xc0, 0x26,
    0xff, 0xee, 0x0, 0xff, 0xe8, 0x90, 0x7, 0xff,
    0x45, 0xbf, 0xfb, 0x0, 0x37, 0xff, 0xf0, 0x6,
    0xdf, 0xfe, 0xa0, 0xe, 0x60, 0x8, 0x80, 0x3f,
    0x10, 0x6, 0x20, 0xf, 0xf8, 0x80, 0x26, 0x0,
    0xfc, 0xc0, 0x10, 0x80, 0x7f, 0xf0, 0x38, 0x2,
    0x20, 0xf, 0xc4, 0x1, 0x10, 0x7, 0xff, 0x0,
    0xc0, 0x2e, 0x0, 0xfd, 0xc0, 0x13, 0x0, 0x7f,
    0xf0, 0x18, 0x2, 0x20, 0xf, 0xc4, 0x1, 0x10,
    0x7, 0xff, 0x0, 0x80, 0x26, 0x0, 0xfc, 0xc0,
    0x17, 0x0, 0x7f, 0xf0, 0x4, 0x0, 0x24, 0x1,
    0xf8, 0x80, 0x2, 0xa0, 0x1f, 0xfc, 0xd, 0xef,
    0xe1, 0x0, 0xfd, 0x9d, 0xfc, 0x60, 0x1f, 0x0,

    /* U+0024 "$" */
    0x0, 0xff, 0xe7, 0xde, 0xf0, 0x7, 0xff, 0x11,
    0x8, 0x3, 0xff, 0xce, 0x2f, 0x7c, 0x0, 0x1f,
    0xeb, 0x60, 0xf, 0xa3, 0xa1, 0x4, 0x3, 0xa,
    0x4f, 0xc0, 0x6, 0xa7, 0x0, 0x84, 0xc0, 0xc,
    0x60, 0x13, 0xb0, 0x1, 0xd4, 0x0, 0x35, 0xd4,
    0x3, 0x39, 0xd0, 0x2e, 0xc0, 0x9, 0x0, 0xb1,
    0x40, 0x3c, 0x2f, 0xd0, 0x0, 0x41, 0x0, 0x39,
    0x0, 0x7f, 0xf0, 0x4c, 0x2, 0xd0, 0xf, 0xfe,
    0x17, 0x80, 0x42, 0x1, 0xff, 0xc2, 0xf0, 0xb,
    0x0, 0x3f, 0xf8, 0x46, 0x1, 0x3a, 0x0, 0x7f,
    0xf0, 0x50, 0x80, 0x2b, 0x60, 0xf, 0xfe, 0xf,
    0x0, 0x69, 0xdc, 0x0, 0xff, 0x8f, 0x4, 0x2,
    0x25, 0x1, 0x0, 0xff, 0x1f, 0xa0, 0x7, 0xb9,
    0xc0, 0x3f, 0x86, 0xec, 0x60, 0x18, 0x63, 0x94,
    0x3, 0xf9, 0x32, 0xc0, 0x38, 0x6a, 0x40, 0x3f,
    0xc8, 0x0, 0x10, 0xc, 0xd4, 0x1, 0xff, 0xc0,
    0xb9, 0x0, 0xca, 0xc0, 0x1f, 0xfc, 0x6, 0xd1,
    0x0, 0xa0, 0x3, 0xff, 0x82, 0x58, 0x1, 0x9,
    0x80, 0x7f, 0xf0, 0x49, 0x80, 0x25, 0x0, 0xff,
    0xe1, 0x78, 0x7, 0xff, 0x28, 0xc0, 0x3f, 0xf8,
    0x5e, 0x1, 0x38, 0x7, 0xff, 0x4, 0x98, 0x0,
    0x44, 0x1, 0xd6, 0x0, 0xfc, 0x98, 0x1, 0x58,
    0x3, 0xa, 0x7a, 0x59, 0x0, 0x1f, 0x96, 0x20,
    0x4, 0x60, 0x92, 0x0, 0xb, 0x4d, 0x80, 0x14,
    0xc0, 0x24, 0xa0, 0x4, 0xc0, 0x80, 0x7f, 0x86,
    0x2c, 0x40, 0x27, 0xeb, 0x74, 0x20, 0xc, 0xb5,
    0xce, 0x1, 0xf2, 0x45, 0xef, 0x80, 0x6, 0x94,
    0x3, 0xff, 0xd0, 0xee, 0x90, 0xf, 0xc0,

    /* U+0025 "%" */
    0x0, 0x86, 0x37, 0xfd, 0x8e, 0x1, 0xff, 0xc1,
    0xdf, 0xf5, 0x80, 0x7f, 0x27, 0x39, 0x0, 0xe,
    0x38, 0x80, 0x3f, 0xcc, 0x40, 0x8, 0x0, 0xfc,
    0x76, 0x1, 0x19, 0x0, 0x7, 0x4, 0x3, 0xfa,
    0x0, 0xa, 0x60, 0x1f, 0xbc, 0x0, 0x7d, 0x9b,
    0x82, 0x3, 0x60, 0x1f, 0xa0, 0x40, 0x10, 0x1,
    0xf8, 0xcc, 0x0, 0xe1, 0x0, 0x1d, 0x0, 0x14,
    0x40, 0x3c, 0x2e, 0x0, 0x62, 0x0, 0xfc, 0x80,
    0x3, 0x20, 0xc, 0x84, 0x0, 0x40, 0xf, 0x40,
    0x5, 0x0, 0x1f, 0xda, 0x0, 0x50, 0xf, 0x38,
    0x3, 0x40, 0x38, 0x98, 0x1, 0x2, 0x1, 0xff,
    0xc0, 0x10, 0xf, 0x10, 0x0, 0x40, 0x3a, 0x40,
    0x2, 0xe0, 0x1f, 0xe3, 0x0, 0x10, 0x7, 0x88,
    0x0, 0x20, 0x18, 0xd0, 0x1, 0x0, 0x1f, 0xf7,
    0x0, 0x10, 0x3, 0xce, 0x0, 0xd0, 0xd, 0xe0,
    0x2, 0x60, 0xf, 0xf9, 0x40, 0x2, 0xc0, 0x19,
    0x48, 0x0, 0x80, 0x12, 0x98, 0x2, 0x0, 0x3f,
    0xf8, 0x4, 0x80, 0x9, 0x71, 0x6, 0xa0, 0x2,
    0x88, 0x5, 0x0, 0x3, 0x50, 0xf, 0xfe, 0xc,
    0x80, 0x51, 0xdf, 0x20, 0x1, 0xb0, 0x9, 0x88,
    0x1, 0xe0, 0x1f, 0xfc, 0x22, 0xc1, 0x0, 0xf0,
    0xe0, 0x80, 0x50, 0x0, 0x43, 0x0, 0xff, 0xe1,
    0x9f, 0x41, 0x0, 0xe, 0x38, 0x80, 0x28, 0x10,
    0x4, 0x80, 0x7f, 0xf1, 0x9f, 0x7f, 0xd8, 0xe0,
    0x18, 0x5c, 0x0, 0xa4, 0x1, 0x92, 0x2a, 0x90,
    0x60, 0x1f, 0xfc, 0x68, 0x0, 0xac, 0x2, 0x1c,
    0xb7, 0x55, 0x3e, 0x58, 0x80, 0x7f, 0xf0, 0xc9,
    0x80, 0xe, 0x20, 0x1, 0xc3, 0x0, 0xf2, 0x60,
    0x7, 0xff, 0xe, 0x40, 0x3, 0x20, 0x15, 0x90,
    0x2, 0x7f, 0xa4, 0x0, 0x52, 0x1, 0xff, 0xc1,
    0x44, 0x0, 0x24, 0x40, 0x2, 0xa0, 0xa, 0x60,
    0x16, 0x90, 0x3, 0x8, 0x7, 0xff, 0x2, 0x0,
    0x2, 0xe0, 0x13, 0x80, 0x9, 0x40, 0x33, 0x8,
    0x1, 0x0, 0x3f, 0xe5, 0x30, 0x4, 0x0, 0x6f,
    0x0, 0x38, 0x7, 0x90, 0x1, 0xa0, 0x1f, 0xf4,
    0x0, 0x9, 0x80, 0x31, 0x80, 0xc, 0x3, 0xc4,
    0x0, 0x10, 0xf, 0xf3, 0x90, 0x2, 0x40, 0x38,
    0xc0, 0x4, 0x1, 0xe1, 0x0, 0xff, 0xe0, 0xc,
    0x80, 0xd, 0x0, 0x3b, 0xc0, 0xa, 0x1, 0xe5,
    0x0, 0x78, 0x7, 0xf4, 0x88, 0x3, 0xc0, 0x3c,
    0x80, 0x1, 0x60, 0xc, 0x66, 0x0, 0x20, 0x7,
    0xe1, 0x70, 0x2, 0x98, 0x7, 0x89, 0x0, 0x12,
    0xe0, 0x5, 0xc0, 0x2, 0x10, 0x7, 0xeb, 0x0,
    0xa0, 0x3, 0xf4, 0x80, 0x51, 0xfe, 0xa0, 0xa,
    0x40, 0x3f, 0x1a, 0x80, 0x18, 0x80, 0x3f, 0x16,
    0x8, 0x7, 0x87, 0x8, 0x3, 0xf4, 0x0, 0x50,
    0x1, 0xfe, 0x3e, 0x82, 0x0, 0x13, 0xf9, 0x80,
    0x0,

    /* U+0026 "&" */
    0x0, 0xf8, 0xa3, 0x3b, 0xfd, 0x8e, 0x20, 0x1f,
    0xfc, 0x37, 0xd7, 0x31, 0x0, 0x1c, 0x74, 0x0,
    0x7f, 0xf0, 0x62, 0x0, 0x1f, 0xcf, 0x60, 0x1f,
    0xf1, 0x38, 0x4, 0x95, 0xb9, 0x2, 0x0, 0x48,
    0x0, 0xff, 0x58, 0x5, 0x16, 0xa4, 0x6f, 0xd0,
    0x0, 0xa0, 0xf, 0xf2, 0x80, 0xd, 0xc0, 0x3c,
    0xf7, 0x24, 0x1, 0xfe, 0x20, 0x2, 0x80, 0x7e,
    0x46, 0x0, 0xff, 0x8c, 0x0, 0x40, 0x1f, 0xfc,
    0x96, 0x0, 0x20, 0x7, 0xff, 0x27, 0x40, 0x28,
    0x0, 0xff, 0xe4, 0x30, 0x80, 0x1c, 0xc0, 0x3f,
    0xf9, 0x10, 0x1, 0x68, 0x80, 0x7f, 0xf1, 0x8a,
    0xc0, 0x21, 0xa0, 0xf, 0xfe, 0x2a, 0x69, 0x0,
    0x80, 0x11, 0xc0, 0x3f, 0xf8, 0x67, 0x60, 0x15,
    0x0, 0x50, 0x60, 0x1f, 0xfc, 0x11, 0xd0, 0x9,
    0xd2, 0x40, 0x2d, 0x10, 0xf, 0xc2, 0x60, 0x8,
    0x10, 0x4, 0x40, 0x19, 0x40, 0x3, 0x40, 0x1e,
    0xbf, 0xec, 0x1, 0x60, 0x2, 0x38, 0x5, 0x44,
    0x0, 0x48, 0x0, 0xe6, 0x0, 0xc8, 0x1, 0x48,
    0x7, 0x78, 0x4, 0xe8, 0x1, 0x88, 0x0, 0x21,
    0xa0, 0x1, 0x20, 0xe, 0x2a, 0x0, 0xa8, 0x80,
    0x6, 0x1, 0x28, 0x8, 0x0, 0xc0, 0x3e, 0x56,
    0x0, 0xf, 0x0, 0x2c, 0x2, 0xc0, 0xe0, 0x1,
    0x80, 0x7e, 0x93, 0x0, 0x1d, 0x3, 0x0, 0x4a,
    0x6, 0x0, 0x13, 0x0, 0xfd, 0xc2, 0x0, 0x5b,
    0x10, 0x2, 0x10, 0x20, 0x80, 0x3c, 0x3, 0xf1,
    0x50, 0x4, 0x80, 0x14, 0x0, 0x4c, 0x0, 0x3a,
    0x0, 0xfc, 0x8e, 0x1, 0xca, 0x60, 0x14, 0x10,
    0x1, 0x75, 0x0, 0x3e, 0xd0, 0xc, 0x36, 0x1,
    0xde, 0x40, 0x2, 0xbd, 0x96, 0x56, 0x9d, 0xa0,
    0xd, 0x2a, 0x1, 0xc5, 0x86, 0x1, 0x13, 0x4d,
    0x4b, 0x10, 0x7, 0x45, 0x98, 0x7, 0xe, 0x48,
    0x80, 0x7f, 0xa1, 0xc0, 0x2d, 0x10, 0xf, 0x37,
    0x53, 0x10, 0x80, 0x9, 0x67, 0xde, 0x10, 0x0,
    0x34, 0x0,

    /* U+0027 "'" */
    0xf, 0xfa, 0x0, 0x37, 0x80, 0x61, 0x0, 0xc4,
    0x20, 0x12, 0x0, 0x4c, 0x6, 0x0, 0x80, 0xa,
    0x44, 0xe, 0x18, 0x0,

    /* U+0028 "(" */
    0x0, 0x14, 0xef, 0xfb, 0x9c, 0x17, 0x58, 0x80,
    0x2, 0x83, 0x40, 0x18, 0x54, 0xd8, 0x2, 0x2e,
    0xe5, 0x6, 0x0, 0x50, 0x20, 0x13, 0x0, 0x4e,
    0x1, 0x8c, 0x2, 0x20, 0xc, 0x20, 0x1f, 0xff,
    0xf0, 0xf, 0xff, 0xf8, 0x7, 0xff, 0xfc, 0x3,
    0xf0, 0x80, 0x7e, 0x30, 0x8, 0x80, 0x33, 0x0,
    0x4e, 0x1, 0xb4, 0x2, 0x83, 0x0, 0x9c, 0x40,
    0x5, 0x9f, 0x60, 0x34, 0x20, 0x19, 0x10, 0x9,
    0xf0, 0x84, 0x43, 0x20,

    /* U+0029 ")" */
    0x7e, 0xff, 0x6c, 0x90, 0x1, 0x4, 0x0, 0x4d,
    0xaa, 0x6, 0xa2, 0x1, 0xa8, 0x42, 0xbb, 0x84,
    0x1, 0x30, 0x4, 0x30, 0x1, 0x60, 0x6, 0x70,
    0x9, 0x80, 0x31, 0x0, 0x46, 0x1, 0xf8, 0x40,
    0x3f, 0xff, 0xe0, 0x1f, 0xff, 0xf0, 0xf, 0xff,
    0xf0, 0x80, 0x7e, 0x30, 0xc, 0x40, 0x1f, 0x90,
    0x2, 0x70, 0x8, 0xe0, 0x2, 0xc0, 0xcf, 0xc1,
    0x0, 0xb, 0x21, 0x80, 0x61, 0xd0, 0x23, 0x22,
    0x24, 0x79, 0x80,

    /* U+002A "*" */
    0x0, 0xf1, 0xe7, 0x30, 0x7, 0xff, 0x1, 0xcc,
    0x40, 0x3f, 0xfb, 0x9d, 0x28, 0x1, 0xf8, 0x9e,
    0xc0, 0xc5, 0xaf, 0xe9, 0xc0, 0x5, 0x1b, 0xa8,
    0x45, 0x2, 0x0, 0x97, 0x40, 0x12, 0xe4, 0x0,
    0x12, 0x3d, 0xd3, 0x90, 0x8, 0x0, 0x80, 0x9f,
    0x39, 0xc0, 0x5, 0x1b, 0x84, 0x0, 0x2c, 0xd8,
    0x30, 0xf, 0x16, 0x11, 0x6c, 0x20, 0xf, 0xdc,
    0x0, 0xba, 0x0, 0x70, 0x7, 0xd2, 0x60, 0x8c,
    0xe6, 0x7, 0x0, 0x1c, 0x8c, 0x3, 0x40, 0xd,
    0x10, 0x73, 0x0, 0xca, 0xc1, 0x42, 0x0, 0x1b,
    0x6, 0x30, 0xc, 0x33, 0xc8, 0x1, 0x97, 0x24,
    0x2,

    /* U+002B "+" */
    0x0, 0xfa, 0x3f, 0xd2, 0x1, 0xff, 0xff, 0x0,
    0xff, 0xf7, 0x7f, 0xfc, 0xe0, 0x6, 0xff, 0xf8,
    0x3, 0xff, 0xb1, 0xdd, 0xf3, 0x0, 0x1b, 0xbb,
    0xe1, 0x1f, 0xc0, 0x10, 0x8f, 0xc0, 0x1f, 0xff,
    0xf0, 0xf, 0xfe, 0xe6, 0xaa, 0xb0, 0x3, 0xe0,

    /* U+002C "," */
    0x3, 0x99, 0x18, 0x2e, 0x33, 0x31, 0x20, 0x3,
    0x41, 0x80, 0x62, 0x70, 0xe, 0x85, 0x0, 0x88,
    0x6a, 0x80, 0x5, 0x0, 0x68, 0x3, 0x40, 0x8,
    0x6, 0x80, 0x46, 0x1c, 0x0, 0xb0, 0xa2, 0x0,
    0x7d, 0x28, 0x0,

    /* U+002D "-" */
    0x11, 0xff, 0x77, 0x7f, 0x80, 0x3f, 0xf9, 0x0,

    /* U+002E "." */
    0x0, 0x13, 0xb8, 0x80, 0x25, 0xd8, 0x86, 0xa8,
    0x2, 0x80, 0x35, 0x9, 0x80, 0x79, 0x44, 0x3,
    0xcc, 0x4a, 0x1, 0x90, 0x82, 0x9c, 0x41, 0xac,
    0x0,

    /* U+002F "/" */
    0x0, 0xff, 0xe1, 0x47, 0xfc, 0xe0, 0x1f, 0xfc,
    0x26, 0x0, 0x98, 0x3, 0xff, 0x82, 0xa2, 0x0,
    0x51, 0x0, 0xff, 0xe0, 0xc8, 0x5, 0x20, 0x1f,
    0xfc, 0x13, 0x30, 0x0, 0x8c, 0x3, 0xff, 0x83,
    0x20, 0x15, 0x80, 0x7f, 0xf0, 0x45, 0x40, 0x26,
    0x0, 0xff, 0xe0, 0xb0, 0x4, 0xc0, 0x1f, 0xfc,
    0x29, 0x0, 0xac, 0x3, 0xff, 0x82, 0xa2, 0x0,
    0x42, 0x0, 0xff, 0xe0, 0xc8, 0x5, 0xc0, 0x1f,
    0xfc, 0x12, 0x30, 0x0, 0xa8, 0x7, 0xff, 0x6,
    0xc0, 0x29, 0x0, 0xff, 0xe0, 0x8b, 0x0, 0x4c,
    0x1, 0xff, 0xc1, 0x60, 0x9, 0x44, 0x3, 0xff,
    0x83, 0x40, 0x14, 0x80, 0x7f, 0xf0, 0x50, 0x80,
    0x6, 0x60, 0xf, 0xfe, 0xf, 0x80, 0x54, 0x1,
    0xff, 0xc1, 0x24, 0x0, 0xb, 0x0, 0x7f, 0xf0,
    0x6c, 0x2, 0x60, 0xf, 0xfe, 0x13, 0x0, 0x54,
    0x1, 0xff, 0xc1, 0x60, 0x9, 0x8, 0x3, 0xff,
    0x83, 0x60, 0x17, 0x80, 0x7f, 0xf0, 0x50, 0x80,
    0x4, 0x80, 0x1f, 0xfc, 0x1e, 0x0, 0xa8, 0x3,
    0xff, 0x82, 0x2a, 0x1, 0x30, 0x7, 0xff, 0x6,
    0x40, 0x25, 0x10, 0xf, 0xfe, 0xb, 0x0, 0x52,
    0x1, 0xff, 0xc1, 0x61, 0x0, 0x19, 0x80, 0x3f,
    0xf8, 0x34, 0x1, 0x48, 0x7, 0xff, 0x4, 0xcc,
    0x0, 0x15, 0x0, 0xff, 0xe0, 0xc8, 0x4, 0xc0,
    0x1f, 0xfc, 0x11, 0x50, 0xa, 0x80, 0x3f, 0xf8,
    0x24, 0xef, 0x49, 0x0, 0x7f, 0xf0, 0x40,

    /* U+0030 "0" */
    0x0, 0xf9, 0x27, 0x7f, 0xdb, 0x4, 0x1, 0xff,
    0xc0, 0x1b, 0xb3, 0x10, 0x0, 0x9f, 0x60, 0x3,
    0xfc, 0x5e, 0x80, 0x1f, 0x9e, 0xc0, 0x3f, 0xf,
    0x88, 0x4, 0xae, 0xe3, 0x0, 0x92, 0x80, 0x3e,
    0xb2, 0x0, 0x1f, 0x54, 0x43, 0x28, 0x2, 0x55,
    0x0, 0x71, 0xa8, 0x0, 0xb0, 0x40, 0x32, 0xd8,
    0x5, 0x60, 0x1d, 0x20, 0x14, 0x80, 0x7c, 0x8a,
    0x0, 0x16, 0x0, 0xca, 0x0, 0x14, 0x0, 0xfd,
    0x20, 0x15, 0x80, 0x4a, 0x1, 0x38, 0x7, 0xf1,
    0x88, 0x0, 0x88, 0x0, 0xc0, 0xb, 0x0, 0x3f,
    0xc8, 0x1, 0x28, 0x1, 0x40, 0x26, 0x0, 0xff,
    0x60, 0x5, 0x80, 0x3, 0x0, 0x88, 0x3, 0xfc,
    0xa0, 0x12, 0x80, 0x78, 0x40, 0x3f, 0xc4, 0x1,
    0x8, 0x8, 0x7, 0xff, 0xc, 0x40, 0x31, 0x18,
    0x7, 0xff, 0xd0, 0xc8, 0x3, 0x8, 0x7, 0xff,
    0xc, 0x40, 0x40, 0x22, 0x0, 0xff, 0x8, 0x7,
    0x94, 0x2, 0x60, 0xf, 0xf1, 0x0, 0x46, 0x0,
    0xc0, 0xb, 0x0, 0x3f, 0xcc, 0x1, 0x28, 0x1,
    0x0, 0x24, 0x0, 0xff, 0x60, 0x5, 0x80, 0x3,
    0x20, 0x1, 0x10, 0x3, 0xf9, 0xc0, 0x24, 0x0,
    0xa8, 0x2, 0x80, 0xf, 0xca, 0x20, 0x5, 0x10,
    0x9, 0xc4, 0x0, 0xa8, 0x1, 0xf5, 0x80, 0x52,
    0x1, 0xd6, 0x1, 0x52, 0x0, 0x61, 0xc1, 0x0,
    0x29, 0x80, 0x72, 0xa8, 0x0, 0x37, 0x68, 0x7a,
    0xe3, 0x0, 0xd, 0x80, 0x7d, 0x48, 0x1, 0x23,
    0xc2, 0x80, 0x43, 0x82, 0x1, 0xfa, 0xd8, 0x3,
    0xf2, 0x79, 0x0, 0x7f, 0xa7, 0x58, 0x80, 0x4,
    0xd7, 0x61, 0x0, 0xe0,

    /* U+0031 "1" */
    0x0, 0xfe, 0x5d, 0xb9, 0x0, 0xff, 0xe0, 0xbd,
    0x12, 0x30, 0x80, 0x7f, 0xd3, 0x0, 0x1f, 0xfc,
    0x3a, 0x60, 0x10, 0xf, 0xfe, 0xd, 0xa8, 0x2,
    0x40, 0x3f, 0xe1, 0xc4, 0x0, 0x40, 0x7, 0xfc,
    0x58, 0x60, 0x4, 0x7c, 0x0, 0xfe, 0x3c, 0x20,
    0x2, 0x50, 0x20, 0x7, 0xf7, 0x88, 0x1, 0x6c,
    0x44, 0x1, 0xfe, 0xe1, 0x7, 0xa0, 0xf, 0xfe,
    0x9, 0x65, 0x40, 0x7, 0xff, 0xc, 0x94, 0x3,
    0xff, 0xfe, 0x1, 0xff, 0xff, 0x0, 0xff, 0xff,
    0x80, 0x7f, 0xf8, 0x48, 0xb8, 0x3, 0x11, 0x70,
    0x6, 0xdd, 0xd8, 0x1, 0xb3, 0x77, 0x0, 0x7f,
    0xf6, 0x0,

    /* U+0032 "2" */
    0x0, 0xe6, 0xae, 0xff, 0x6d, 0x28, 0x7, 0xf2,
    0xf4, 0xa8, 0x80, 0x9, 0x6b, 0x4c, 0x3, 0xd1,
    0x42, 0x1, 0xf8, 0xb1, 0x0, 0x33, 0x38, 0x4,
    0x71, 0x52, 0xa0, 0x1a, 0x88, 0x0, 0x32, 0x1,
    0x56, 0x3a, 0xb5, 0x71, 0x0, 0x6, 0x0, 0x10,
    0x1, 0x62, 0x80, 0x70, 0xe0, 0x4, 0xa2, 0x13,
    0x23, 0x93, 0x0, 0xf8, 0x5c, 0x2, 0x70, 0x3,
    0x63, 0x0, 0x7f, 0x68, 0x5, 0xc0, 0x1f, 0xfd,
    0x5d, 0x0, 0xbc, 0x3, 0xff, 0x84, 0xc0, 0x12,
    0x0, 0x7f, 0xf0, 0x5c, 0x40, 0x4, 0x60, 0x1f,
    0xfc, 0x3, 0x80, 0xa, 0x0, 0x3f, 0xf8, 0x3,
    0xa0, 0x12, 0x28, 0x7, 0xfc, 0x38, 0x20, 0x1,
    0xa0, 0xf, 0xfe, 0x6, 0x90, 0x5, 0xa2, 0x1,
    0xff, 0x59, 0x80, 0x54, 0x60, 0x1f, 0xf5, 0x20,
    0x5, 0xa, 0x1, 0xff, 0x42, 0x80, 0x4c, 0xe0,
    0x1f, 0xf3, 0x38, 0x4, 0x92, 0x1, 0xff, 0x24,
    0x80, 0x47, 0x60, 0x1f, 0xf1, 0x58, 0x4, 0x5a,
    0x1, 0xff, 0xc0, 0xf0, 0x8, 0x7c, 0x40, 0x3f,
    0xeb, 0x20, 0xa, 0x88, 0x3, 0xfe, 0x64, 0x0,
    0xa5, 0x0, 0x3f, 0xe2, 0x90, 0x9, 0x58, 0x3,
    0xff, 0x81, 0xc0, 0x1a, 0x48, 0xbf, 0xf8, 0x0,
    0x60, 0x1b, 0x37, 0x7f, 0xf8, 0x4, 0x1, 0xff,
    0xda,

    /* U+0033 "3" */
    0x7f, 0xff, 0xfe, 0x11, 0x80, 0x3c, 0x3, 0xff,
    0x8a, 0x40, 0x1f, 0x85, 0x50, 0x3, 0xd7, 0xbb,
    0xf7, 0x72, 0x14, 0x0, 0x46, 0x0, 0x12, 0x2f,
    0x84, 0x5e, 0x20, 0x9, 0x0, 0xff, 0x87, 0x8,
    0x0, 0xc8, 0x1, 0xfe, 0x1c, 0x20, 0x2, 0x48,
    0x7, 0xf8, 0xbc, 0x80, 0x7, 0x60, 0x1f, 0xe4,
    0xd1, 0x0, 0x26, 0x0, 0x7f, 0x9e, 0xc0, 0x26,
    0xb0, 0xf, 0xf5, 0x40, 0x0, 0xf2, 0x40, 0x3f,
    0xd2, 0xa0, 0x11, 0xee, 0xad, 0xc8, 0x3, 0xe3,
    0x0, 0xe1, 0x24, 0x8d, 0xa1, 0x0, 0xff, 0xe2,
    0x2f, 0x90, 0x6, 0x8b, 0xba, 0xa1, 0x88, 0x3,
    0xf, 0x80, 0x62, 0x44, 0x95, 0xe7, 0x70, 0x80,
    0x22, 0x70, 0xf, 0xf8, 0xf0, 0x80, 0x2b, 0x0,
    0xff, 0xe0, 0xc, 0x0, 0x46, 0x1, 0xff, 0xc1,
    0x70, 0xc, 0x20, 0x1f, 0xfc, 0x3, 0x0, 0xff,
    0xe2, 0x90, 0x6, 0x10, 0xf, 0xfe, 0x5, 0x80,
    0x48, 0x1, 0xff, 0xc0, 0x27, 0x0, 0xb4, 0x3,
    0xfe, 0x2c, 0x0, 0x89, 0x80, 0x3f, 0xcf, 0xa2,
    0x1, 0x78, 0x7, 0xe2, 0x9e, 0x80, 0x8, 0x6c,
    0x80, 0x6, 0x8a, 0xf7, 0xda, 0xc2, 0x1, 0x1e,
    0x20, 0x5, 0x97, 0x50, 0x82, 0x1, 0x8a, 0x70,
    0x80, 0x3f, 0xf8, 0xb, 0x7a, 0xc0, 0x1f, 0x84,
    0xd6, 0x33, 0xe9, 0x0, 0x3f, 0x0,

    /* U+0034 "4" */
    0x0, 0xfe, 0x7c, 0xa9, 0x20, 0xf, 0xfe, 0x1c,
    0x9a, 0xb1, 0x0, 0x7f, 0xf0, 0x98, 0x40, 0xe,
    0x1, 0xff, 0xc3, 0xb0, 0xa, 0x40, 0x3f, 0xf8,
    0x4a, 0x40, 0x6, 0x10, 0xf, 0xfe, 0x14, 0x0,
    0x56, 0x1, 0xff, 0xc2, 0x42, 0x0, 0x29, 0x0,
    0x7f, 0xf0, 0xa0, 0x2, 0x90, 0xf, 0xfe, 0x11,
    0x98, 0x0, 0x86, 0x1, 0xff, 0xc2, 0x80, 0xa,
    0x0, 0x3f, 0xf8, 0x44, 0x80, 0x3, 0x30, 0x7,
    0xff, 0xa, 0x0, 0x28, 0x0, 0xff, 0xe1, 0x12,
    0x80, 0x9, 0x0, 0x3f, 0xf8, 0x56, 0x1, 0x58,
    0x4, 0x3f, 0xd9, 0x62, 0x1, 0xc2, 0xc0, 0x1,
    0x60, 0xe, 0x13, 0x40, 0xf, 0x48, 0x5, 0x20,
    0x1f, 0xfc, 0x36, 0x0, 0xb, 0x80, 0x7f, 0xf0,
    0x9c, 0x40, 0xc, 0x1, 0xff, 0xc3, 0x90, 0x0,
    0xc8, 0x7, 0xff, 0x9, 0x84, 0x1, 0x42, 0x1,
    0xff, 0xc2, 0xb0, 0x2, 0xa0, 0x7, 0xff, 0xc,
    0x80, 0xb, 0xff, 0xf7, 0x0, 0x6e, 0xff, 0x80,
    0x3f, 0xf8, 0xe4, 0x1, 0xff, 0xc7, 0x1d, 0xdf,
    0xfb, 0x0, 0x36, 0x6e, 0xc4, 0x5f, 0xfc, 0x0,
    0xc, 0x45, 0x8, 0x7, 0xff, 0xfc, 0x3, 0x80,

    /* U+0035 "5" */
    0xff, 0xff, 0xe1, 0x88, 0x7, 0xff, 0x6e, 0xf7,
    0x7f, 0xc2, 0x1, 0xcc, 0x45, 0xfe, 0x0, 0xff,
    0xff, 0x81, 0x22, 0xc, 0x40, 0x3f, 0xd7, 0xba,
    0xbb, 0x67, 0x63, 0x0, 0x7e, 0x62, 0x0, 0xe3,
    0x9d, 0x20, 0xf, 0xfe, 0x19, 0x60, 0x80, 0x63,
    0x9c, 0xef, 0xea, 0x30, 0x8, 0x74, 0x2e, 0xd9,
    0x86, 0x31, 0x1, 0x5c, 0x60, 0x8, 0xd1, 0x23,
    0x0, 0xfd, 0x24, 0x1, 0x70, 0x7, 0xff, 0x2,
    0xc0, 0x27, 0x0, 0xff, 0xe0, 0x28, 0x4, 0x40,
    0x1f, 0xfc, 0x1, 0x0, 0x84, 0x3, 0xff, 0x80,
    0xc0, 0x11, 0x80, 0x7f, 0xf0, 0x38, 0x2, 0x40,
    0xf, 0xf8, 0xd4, 0x2, 0xa0, 0xf, 0xf1, 0x68,
    0x4, 0x86, 0x1, 0xfc, 0x78, 0x20, 0x14, 0x80,
    0x7e, 0x19, 0xc1, 0x0, 0xa8, 0x80, 0x3c, 0x73,
    0xcc, 0x1, 0xad, 0x40, 0x6, 0x8d, 0x5d, 0x8c,
    0x1, 0x8f, 0x50, 0x2, 0xcb, 0x95, 0x10, 0xc,
    0x33, 0x84, 0x1, 0xff, 0x25, 0x73, 0x0, 0x7c,
    0x24, 0x8f, 0x7f, 0x6a, 0x1, 0xf8,

    /* U+0036 "6" */
    0x0, 0xff, 0x96, 0x73, 0xbf, 0xc0, 0x1f, 0xfc,
    0x1, 0x8e, 0xa6, 0x31, 0x2, 0x0, 0xff, 0x97,
    0xdc, 0x40, 0x39, 0x80, 0x3f, 0xd3, 0x42, 0x1,
    0xb, 0x4d, 0x40, 0x7, 0xf4, 0xb0, 0x4, 0x55,
    0xd2, 0xca, 0x60, 0x1f, 0xa1, 0x80, 0x25, 0xd5,
    0x0, 0xff, 0xe0, 0x23, 0x80, 0x4d, 0x40, 0x1f,
    0xfc, 0x29, 0x0, 0x92, 0x40, 0x3f, 0xf8, 0x4e,
    0x40, 0x1, 0xa0, 0xf, 0xfe, 0x1c, 0x80, 0x56,
    0x20, 0x1f, 0xfc, 0x24, 0x10, 0x1, 0xa8, 0x7,
    0xff, 0xf, 0x80, 0x2a, 0x0, 0x84, 0xd5, 0x8,
    0x3, 0xf2, 0x0, 0x4c, 0x2f, 0xbd, 0x95, 0x7b,
    0xf4, 0x60, 0x18, 0x84, 0x0, 0x65, 0xf0, 0x40,
    0x1e, 0x5c, 0x90, 0x9, 0x80, 0x25, 0xf1, 0x0,
    0xff, 0x35, 0x80, 0x8, 0x2, 0x72, 0x2, 0x8c,
    0xef, 0xea, 0x20, 0x9, 0x1c, 0x4, 0x2, 0x10,
    0x9d, 0x73, 0x10, 0x15, 0xd4, 0x0, 0xa4, 0x3c,
    0x2, 0x1d, 0x60, 0xf, 0xd4, 0x1, 0xa, 0x78,
    0x4, 0xe4, 0x1, 0xfc, 0x28, 0x1, 0x10, 0x80,
    0x7f, 0xf0, 0xc8, 0x2, 0xe5, 0x0, 0x88, 0x3,
    0xff, 0x87, 0xe6, 0x1, 0x28, 0x7, 0xfc, 0x40,
    0x10, 0x82, 0x0, 0x5, 0x0, 0x3f, 0xca, 0x1,
    0x20, 0x70, 0x5, 0xc0, 0x1f, 0xca, 0x20, 0x2,
    0x20, 0x28, 0x80, 0x15, 0x0, 0x3e, 0x18, 0x0,
    0xac, 0x2, 0x80, 0xa, 0x90, 0x3, 0x8b, 0x48,
    0x0, 0x4c, 0x1, 0x32, 0x0, 0x6, 0xec, 0xea,
    0xd5, 0xa6, 0x1, 0x78, 0x7, 0x59, 0x80, 0x49,
    0x15, 0x2a, 0x1, 0xe, 0x10, 0x7, 0xb1, 0xc0,
    0x3f, 0x97, 0xcc, 0x3, 0xf4, 0x6b, 0x98, 0x80,
    0x9b, 0xe5, 0x8, 0x6,

    /* U+0037 "7" */
    0xff, 0xff, 0xe3, 0x0, 0x7f, 0xf6, 0x37, 0x7f,
    0xf8, 0x2c, 0x1, 0x11, 0x7f, 0xf0, 0x90, 0x2,
    0xa0, 0xf, 0xfe, 0x2, 0x90, 0x0, 0x5c, 0x3,
    0xff, 0x81, 0x60, 0x14, 0x80, 0x7f, 0xf0, 0x20,
    0x40, 0x4, 0xe0, 0x1f, 0xf1, 0x38, 0x5, 0x20,
    0x1f, 0xfc, 0xe, 0x0, 0x91, 0x0, 0x1f, 0xf3,
    0x18, 0x5, 0x20, 0x1f, 0xfc, 0x8, 0x0, 0xa0,
    0x80, 0x3f, 0xe8, 0x10, 0x0, 0xb8, 0x7, 0xfc,
    0x4e, 0x1, 0x58, 0x7, 0xff, 0x2, 0x0, 0x23,
    0x50, 0xf, 0xf8, 0x54, 0x2, 0xf0, 0xf, 0xfe,
    0x4, 0x0, 0x48, 0x60, 0x1f, 0xf0, 0xb0, 0x5,
    0x0, 0x1f, 0xfc, 0x6, 0x0, 0x8c, 0xc0, 0x1f,
    0xfc, 0xb, 0x0, 0xa8, 0x3, 0xff, 0x80, 0x46,
    0x1, 0x38, 0x7, 0xff, 0x1, 0x0, 0x24, 0x10,
    0xf, 0xfe, 0x7, 0x80, 0x46, 0x1, 0xff, 0xc1,
    0x50, 0xb, 0x40, 0x3f, 0xf8, 0x22, 0x1, 0x8,
    0x7, 0xff, 0x4, 0xc0, 0x26, 0x0, 0xff, 0xe0,
    0x88, 0x7, 0xff, 0x24, 0xc0, 0x3f, 0xfc, 0x20,

    /* U+0038 "8" */
    0x0, 0xf1, 0x46, 0x7f, 0xbb, 0x20, 0x80, 0x3f,
    0xc3, 0x5a, 0xe6, 0x0, 0x13, 0x7d, 0x90, 0xf,
    0xc3, 0x8a, 0x1, 0xfc, 0xd8, 0x20, 0x1e, 0xd2,
    0x0, 0x92, 0xae, 0x50, 0x2, 0x3b, 0x0, 0xe5,
    0x30, 0xa, 0xec, 0xa8, 0xd7, 0x60, 0x9, 0x48,
    0x3, 0x78, 0x5, 0x48, 0x1, 0xc8, 0xe0, 0x15,
    0x0, 0x67, 0x0, 0x94, 0x3, 0xeb, 0x0, 0x88,
    0x3, 0x18, 0x7, 0xff, 0x21, 0x40, 0x26, 0x0,
    0xf9, 0x0, 0x22, 0x0, 0xde, 0x1, 0x49, 0x80,
    0x71, 0x48, 0x5, 0x40, 0x19, 0x18, 0x2, 0xc8,
    0x0, 0x93, 0x4, 0x0, 0xe4, 0x1, 0xd2, 0xc0,
    0x13, 0xf3, 0xd5, 0x88, 0x1, 0xa0, 0x3, 0xe9,
    0xa1, 0x0, 0xc, 0x28, 0x0, 0x6a, 0x40, 0x3f,
    0x84, 0xc0, 0x3e, 0x31, 0x0, 0xfc, 0x37, 0x62,
    0x0, 0x8, 0x80, 0x22, 0xbb, 0x8, 0x7, 0xf,
    0xa0, 0x5, 0x1d, 0xc9, 0x10, 0x9, 0x3c, 0x80,
    0x36, 0x8, 0x0, 0xf9, 0xc0, 0xd, 0xcc, 0x1,
    0xe, 0x8, 0x1, 0xc8, 0x0, 0x58, 0x20, 0x1d,
    0x34, 0x1, 0xc, 0x0, 0x24, 0x2, 0xe0, 0xf,
    0xcb, 0x40, 0x13, 0x9, 0x88, 0x0, 0x8c, 0x3,
    0xf9, 0x4c, 0x2, 0x46, 0x0, 0x90, 0x3, 0xfe,
    0xb0, 0xb, 0x4c, 0x2, 0x10, 0xf, 0xf8, 0x80,
    0x21, 0x20, 0x8, 0x80, 0x3f, 0xe3, 0x0, 0x85,
    0x80, 0x24, 0x0, 0xff, 0xb4, 0x2, 0xe2, 0x20,
    0x0, 0x60, 0x3, 0xf9, 0x50, 0x2, 0x70, 0x80,
    0x9, 0xe0, 0x3, 0xe6, 0xa0, 0x9, 0x44, 0x15,
    0x40, 0x13, 0xf4, 0x21, 0xa4, 0x6c, 0x80, 0x43,
    0x60, 0x15, 0x20, 0x4, 0x2f, 0x79, 0x6e, 0x40,
    0x11, 0x60, 0x80, 0x6b, 0x91, 0x0, 0xff, 0x3e,
    0x90, 0x7, 0x9b, 0xa9, 0x48, 0x0, 0x24, 0xb3,
    0xf0, 0x1, 0x80,

    /* U+0039 "9" */
    0x0, 0xf2, 0xce, 0xf7, 0xf6, 0x38, 0x80, 0x7f,
    0x97, 0xa9, 0x88, 0x40, 0x4e, 0x3a, 0x0, 0x3f,
    0x4d, 0x8, 0x7, 0xf3, 0xd8, 0x7, 0x9d, 0x80,
    0x32, 0xc4, 0xc1, 0x80, 0x49, 0x60, 0x18, 0xa0,
    0x2, 0x4e, 0xa7, 0x67, 0xca, 0x0, 0x91, 0x40,
    0x28, 0x0, 0x8e, 0xc4, 0x3, 0x96, 0x40, 0x2b,
    0x0, 0x94, 0x2, 0xf0, 0xf, 0xcc, 0x60, 0x1,
    0x50, 0x30, 0x8, 0x8c, 0x3, 0xfa, 0x40, 0x2e,
    0x6, 0x0, 0x98, 0x3, 0xfc, 0xa0, 0x12, 0x1,
    0x80, 0x42, 0x1, 0xff, 0x10, 0x4, 0x46, 0x1,
    0x30, 0x7, 0xfc, 0xc0, 0x13, 0x30, 0x2, 0x30,
    0xf, 0xf9, 0x40, 0x21, 0x31, 0x0, 0x9c, 0x3,
    0xfa, 0x84, 0x2, 0x30, 0x90, 0xa, 0xc, 0x3,
    0xc3, 0x6a, 0x1, 0xe7, 0x20, 0xb, 0x24, 0xc0,
    0x5, 0x1c, 0x80, 0x40, 0x11, 0x80, 0x3c, 0x40,
    0x26, 0xcf, 0xf6, 0xb8, 0x1, 0x10, 0x1, 0x30,
    0x0, 0xb0, 0xc0, 0x3f, 0x8a, 0x94, 0x2, 0x30,
    0x8, 0xb2, 0x8c, 0x3, 0x86, 0x34, 0xc, 0x0,
    0x40, 0x1e, 0x5c, 0xec, 0xbb, 0x67, 0x38, 0x38,
    0x4, 0xa0, 0x1f, 0x84, 0xd1, 0x6, 0x1, 0x50,
    0x5, 0x60, 0x1f, 0xfc, 0x35, 0x30, 0x1, 0x98,
    0x3, 0xff, 0x84, 0x36, 0x1, 0x48, 0x7, 0xff,
    0xf, 0x44, 0x0, 0x6a, 0x1, 0xff, 0xc2, 0xb3,
    0x0, 0xb8, 0x3, 0xff, 0x82, 0x5a, 0x80, 0x14,
    0x90, 0x7, 0xfc, 0x31, 0xa4, 0x1, 0x3b, 0x0,
    0x7e, 0x15, 0x7b, 0xe7, 0x0, 0xd1, 0x0, 0xf,
    0xe5, 0xa8, 0x40, 0xc, 0x56, 0xe0, 0x1f, 0xe5,
    0x0, 0xe1, 0x8d, 0x40, 0xf, 0xf8, 0x48, 0x4d,
    0xaf, 0x9c, 0x3, 0xf8,

    /* U+003A ":" */
    0x8, 0xee, 0x40, 0x43, 0x88, 0x9e, 0x14, 0x3,
    0x28, 0x7, 0xac, 0x3, 0x5b, 0x49, 0x9a, 0x58,
    0x1b, 0x30, 0xc0, 0x1f, 0xfc, 0x86, 0xcc, 0x30,
    0x3c, 0x99, 0xa5, 0xe8, 0x3, 0x50, 0x7, 0x94,
    0x3, 0x2c, 0x38, 0x89, 0xe0,

    /* U+003B ";" */
    0x6, 0xcc, 0x30, 0x3c, 0x99, 0xa5, 0xe8, 0x3,
    0x50, 0x7, 0x94, 0x3, 0x2c, 0x38, 0x89, 0xe0,
    0x23, 0xb9, 0x0, 0x1f, 0xfc, 0x83, 0x99, 0x18,
    0x2e, 0x33, 0x31, 0x20, 0x3, 0x41, 0x80, 0x62,
    0x70, 0xe, 0x85, 0x0, 0x88, 0x6a, 0x80, 0x5,
    0x0, 0x68, 0x3, 0x40, 0x8, 0x6, 0x80, 0x46,
    0x1c, 0x0, 0xb0, 0xa2, 0x0, 0x7d, 0x28, 0x0,

    /* U+003C "<" */
    0x0, 0xff, 0xe2, 0xc, 0x80, 0x7f, 0xf0, 0x86,
    0x79, 0x80, 0x3f, 0xf8, 0x3, 0x3c, 0xc0, 0x1f,
    0xfc, 0x1, 0x9e, 0x60, 0x8, 0x80, 0x3f, 0x14,
    0xf3, 0x0, 0x43, 0x3a, 0x1, 0xe2, 0x9d, 0x60,
    0x8, 0x63, 0x98, 0x3, 0x8a, 0x75, 0x80, 0x34,
    0x73, 0x80, 0x71, 0x56, 0xb0, 0x6, 0x7e, 0x70,
    0xe, 0x2a, 0xd5, 0x0, 0xcd, 0xd0, 0x20, 0x1e,
    0xd5, 0x0, 0xcb, 0xb2, 0x20, 0x1f, 0xfc, 0x5,
    0xda, 0x20, 0xf, 0xfe, 0xb, 0x49, 0x0, 0x7f,
    0xf0, 0xdb, 0x2c, 0xc0, 0x3f, 0xe8, 0x10, 0x9,
    0x32, 0xc8, 0x3, 0xf9, 0xfa, 0x4, 0x2, 0x4d,
    0xa2, 0x0, 0xfe, 0x7e, 0x81, 0x0, 0x97, 0x64,
    0x40, 0x3f, 0x9f, 0xa0, 0x40, 0x26, 0xe9, 0x10,
    0xf, 0xe7, 0xe8, 0x10, 0x9, 0xba, 0x4, 0x3,
    0xf9, 0xfa, 0x4, 0x2, 0x7e, 0x70, 0xf, 0xf3,
    0xf4, 0x8, 0x5, 0x0, 0x1f, 0xfc, 0x7, 0xe8,
    0x10, 0xf, 0xfe, 0x23, 0xf4, 0x8, 0x7, 0xff,
    0x11, 0xf8,

    /* U+003D "=" */
    0xcc, 0xff, 0xe2, 0x19, 0xff, 0xf1, 0x0, 0x3f,
    0xf8, 0x9f, 0xff, 0xfc, 0x40, 0xf, 0xfe, 0xa6,
    0x67, 0xff, 0x10, 0xcf, 0xff, 0x88, 0x1, 0xff,
    0xc4,

    /* U+003E ">" */
    0x91, 0x0, 0xff, 0xe2, 0x37, 0x48, 0x80, 0x7f,
    0xf1, 0x1b, 0xa4, 0x40, 0x3f, 0xf8, 0x4, 0x1,
    0x37, 0x48, 0x80, 0x7f, 0xb6, 0x44, 0x2, 0x6e,
    0x92, 0x0, 0xfe, 0x6e, 0x81, 0x0, 0x9b, 0x64,
    0x80, 0x3f, 0x9f, 0xa0, 0x3, 0x36, 0xc9, 0x0,
    0x7f, 0x3f, 0x38, 0x6, 0x6d, 0xa2, 0x0, 0xfc,
    0x31, 0xcc, 0x1, 0x97, 0x68, 0x80, 0x3f, 0xc,
    0xea, 0x80, 0x65, 0xd0, 0xf, 0xf1, 0x56, 0xa8,
    0x7, 0xff, 0x10, 0xa5, 0x80, 0x3f, 0xf8, 0x47,
    0x78, 0xc0, 0x1f, 0xfc, 0x2, 0xbc, 0x40, 0x8,
    0x60, 0x3, 0xe2, 0xad, 0x40, 0x8, 0x63, 0x9c,
    0x3, 0x86, 0x75, 0x40, 0x21, 0x8e, 0x70, 0xe,
    0x19, 0xe6, 0x0, 0x86, 0x39, 0xc0, 0x38, 0x63,
    0x98, 0x2, 0x18, 0xe7, 0x0, 0xf3, 0xf3, 0x80,
    0x43, 0x1c, 0xe0, 0x1f, 0xa0, 0x2, 0x18, 0xe7,
    0x0, 0xff, 0xe0, 0xc, 0x73, 0x80, 0x7f, 0xf0,
    0x6, 0x39, 0xc0, 0x3f, 0xf8, 0x5c, 0xe0, 0x1f,
    0xfc, 0x40,

    /* U+003F "?" */
    0x0, 0xc2, 0xf7, 0xbf, 0xee, 0xc8, 0x20, 0xf,
    0xc, 0xf4, 0x21, 0x0, 0x4, 0xdf, 0x68, 0x40,
    0x23, 0xf6, 0x0, 0xff, 0x2f, 0x90, 0x1e, 0x8,
    0x4, 0x71, 0x54, 0x82, 0x0, 0x87, 0xc2, 0xc0,
    0x23, 0xcc, 0x3a, 0xa9, 0xf6, 0x40, 0x22, 0x68,
    0x90, 0x5c, 0x30, 0xf, 0x33, 0x0, 0x2a, 0x6,
    0xda, 0x0, 0xfe, 0xd0, 0x8, 0x80, 0x4, 0x1,
    0xfe, 0x70, 0x8, 0x40, 0x3f, 0xf8, 0x28, 0x1,
    0x8, 0x7, 0xff, 0x0, 0x64, 0x2, 0x40, 0xf,
    0xfe, 0x5, 0x8, 0x5, 0x0, 0x1f, 0xe1, 0xc4,
    0x0, 0x98, 0x80, 0x3f, 0x8b, 0xc, 0x2, 0x49,
    0x0, 0xfe, 0x2c, 0x20, 0x9, 0x2c, 0x3, 0xfd,
    0xe2, 0x1, 0x35, 0x80, 0x7f, 0xa4, 0x80, 0x26,
    0x90, 0xf, 0xf1, 0x30, 0x4, 0x92, 0x1, 0xff,
    0x50, 0x6, 0xa0, 0xf, 0xfe, 0x2, 0x0, 0x4e,
    0x20, 0x1f, 0xfc, 0x3, 0x0, 0xac, 0x3, 0xff,
    0x8a, 0x40, 0x1f, 0xfc, 0x1b, 0xdf, 0xf0, 0x80,
    0x7f, 0xf0, 0x50, 0x80, 0x3f, 0xfa, 0xe4, 0x40,
    0xf, 0xfe, 0x1d, 0xee, 0xac, 0x3, 0xff, 0x82,
    0xc8, 0x0, 0x46, 0x0, 0xff, 0xe0, 0x78, 0x6,
    0xf0, 0xf, 0xfe, 0x6, 0x80, 0x6d, 0x0, 0xff,
    0xe0, 0x24, 0x8, 0xa1, 0x0, 0x3e,

    /* U+0040 "@" */
    0x0, 0xff, 0x85, 0xa7, 0x3b, 0xfd, 0xdb, 0x4c,
    0x20, 0x1f, 0xfc, 0x84, 0xbe, 0x96, 0x31, 0x0,
    0x9, 0x2c, 0xf5, 0xa0, 0x7, 0xff, 0x10, 0x6e,
    0xc8, 0x1, 0xff, 0xc0, 0x4b, 0xb1, 0x0, 0x7f,
    0xf0, 0x53, 0xd0, 0x2, 0x15, 0x9b, 0xcc, 0x5c,
    0xa8, 0x80, 0x49, 0x88, 0x1, 0xff, 0x2d, 0x88,
    0x0, 0x67, 0xa9, 0x90, 0xcc, 0x8d, 0x5d, 0x22,
    0x0, 0x1b, 0x50, 0xf, 0xe4, 0xa0, 0x9, 0x3d,
    0x80, 0x3f, 0xcd, 0xca, 0x1, 0x52, 0x0, 0x7c,
    0x34, 0x1, 0x2d, 0x88, 0x7, 0xff, 0x6, 0x9c,
    0x2, 0xa2, 0x0, 0xf5, 0x88, 0x0, 0xe8, 0x3,
    0xff, 0x89, 0x8, 0x0, 0x19, 0x0, 0xe3, 0x50,
    0xb, 0x80, 0x32, 0x45, 0xf7, 0xfb, 0xb6, 0x50,
    0x3, 0x50, 0x80, 0x11, 0x40, 0x34, 0x0, 0x4e,
    0x40, 0x6, 0xfb, 0x74, 0x10, 0x0, 0x93, 0x5d,
    0x0, 0x43, 0x20, 0x14, 0x0, 0x42, 0x80, 0x14,
    0x80, 0x48, 0x1, 0xff, 0x2d, 0x0, 0x4e, 0x1,
    0x11, 0x80, 0x18, 0x2, 0x51, 0x0, 0x89, 0x85,
    0x62, 0xf3, 0x6d, 0x80, 0x25, 0x30, 0x9, 0x80,
    0x2a, 0x0, 0x60, 0x5, 0xe0, 0x1d, 0x3d, 0x4e,
    0x86, 0x49, 0x34, 0x1, 0x50, 0x5, 0xa0, 0x13,
    0x80, 0x10, 0x2, 0x40, 0xf, 0xfe, 0x12, 0x88,
    0x1, 0x40, 0x24, 0x0, 0x84, 0x88, 0x1, 0x8,
    0x80, 0x3f, 0xf8, 0x6a, 0x0, 0x20, 0xc, 0x60,
    0x13, 0xb8, 0x2, 0x20, 0xf, 0xf8, 0x44, 0x1,
    0x8, 0x0, 0x40, 0x32, 0x80, 0x44, 0x40, 0x9,
    0xc0, 0x3e, 0x28, 0xdf, 0xee, 0x7f, 0x53, 0x0,
    0x7c, 0x20, 0x17, 0x0, 0x61, 0x0, 0xf4, 0x6b,
    0x90, 0x6, 0x15, 0x30, 0xf, 0xb8, 0x3, 0x78,
    0x7, 0xf5, 0x38, 0x7, 0xff, 0x14, 0xc0, 0x23,
    0x0, 0xfe, 0x65, 0x0, 0x9f, 0x3b, 0xfd, 0xd8,
    0x80, 0x1f, 0xf1, 0xf8, 0x4, 0x20, 0x1a, 0x0,
    0x2b, 0x83, 0x10, 0x0, 0x99, 0x0, 0x7f, 0xf0,
    0x4, 0x2, 0x60, 0x8, 0xc4, 0x0, 0xa8, 0x1,
    0xff, 0xc3, 0x30, 0x8, 0x48, 0x2, 0x20, 0x9,
    0x80, 0x2d, 0x0, 0xff, 0xe2, 0x70, 0x5, 0xcc,
    0x1, 0x88, 0x3, 0xff, 0x96, 0x60, 0x11, 0x10,
    0x40, 0x24, 0x0, 0x30, 0x5, 0x80, 0x1f, 0xa,
    0x80, 0x7c, 0xc0, 0x12, 0x82, 0x0, 0x58, 0x0,
    0x30, 0x9, 0x14, 0x3, 0x97, 0xcc, 0x3, 0xc4,
    0x40, 0x1, 0x8, 0x78, 0x4, 0xa0, 0x13, 0x80,
    0x55, 0x26, 0x4d, 0x94, 0x24, 0x1, 0x8, 0x1,
    0x40, 0x25, 0x0, 0x28, 0x6, 0x60, 0x4, 0x18,
    0x4, 0xd9, 0xb2, 0x60, 0xf6, 0x1, 0x58, 0x9c,
    0x0, 0x54, 0x1, 0x30, 0x5, 0x0, 0x16, 0xa8,
    0x7, 0xcb, 0xc, 0x20, 0x5, 0xec, 0x0, 0xa0,
    0x80, 0x28, 0x0, 0x85, 0xc0, 0x3, 0x58, 0xc4,
    0x0, 0x4b, 0xa0, 0x6, 0x10, 0x7, 0xa1, 0xc0,
    0x30, 0xb8, 0x5, 0x6, 0x1, 0x1c, 0xef, 0xfa,
    0xd0, 0x2, 0x2d, 0xb8, 0x77, 0x4f, 0x38, 0x7,
    0xa0, 0xc0, 0x2d, 0x20, 0xf, 0xfe, 0x12, 0x3c,
    0x41, 0x84, 0x3, 0xf7, 0x8, 0x0, 0x70, 0xc0,
    0x3f, 0xf9, 0xe5, 0xa0, 0x10, 0xe4, 0x88, 0x7,
    0xf2, 0x30, 0x7, 0xff, 0xc, 0xf4, 0x80, 0x26,
    0xeb, 0x74, 0x32, 0x35, 0x9d, 0xb9, 0x10, 0xf,
    0xfe, 0x19, 0x63, 0x0, 0x64, 0x8b, 0xcd, 0xca,
    0x62, 0x0, 0x40, 0x7, 0xff, 0x10, 0x67, 0x14,
    0x3, 0xff, 0x80, 0x5e, 0x1, 0xff, 0xc6, 0x3a,
    0xe9, 0x63, 0x10, 0x0, 0x92, 0x3e, 0x6b, 0x0,
    0x7f, 0x0,

    /* U+0041 "A" */
    0x0, 0xff, 0xea, 0xbe, 0x6f, 0x70, 0x3, 0xff,
    0x8f, 0x66, 0x42, 0x23, 0x0, 0xff, 0xe3, 0x18,
    0x6, 0xa0, 0xf, 0xfe, 0x29, 0x0, 0x4, 0x0,
    0xe0, 0x1f, 0xfc, 0x57, 0x0, 0x38, 0x0, 0x4c,
    0x3, 0xff, 0x89, 0xc0, 0xe, 0x10, 0x5, 0x0,
    0x7f, 0xf1, 0x10, 0x0, 0x6a, 0x0, 0x70, 0xf,
    0xfe, 0x1a, 0x80, 0x4c, 0x40, 0x1, 0x30, 0xf,
    0xfe, 0x17, 0x80, 0x45, 0xe0, 0x15, 0x0, 0x7f,
    0xf0, 0x94, 0x0, 0xa0, 0xe0, 0x13, 0x80, 0x7f,
    0xf0, 0x54, 0x2, 0xe0, 0x14, 0x0, 0x9, 0x80,
    0x7f, 0xf0, 0x3c, 0x2, 0x40, 0x6, 0x80, 0x54,
    0x1, 0xff, 0xc0, 0x50, 0x2, 0x80, 0x4e, 0x1,
    0x38, 0x7, 0xfc, 0xa0, 0x17, 0x80, 0x42, 0x80,
    0x1, 0x30, 0xf, 0xf7, 0x80, 0x4a, 0x1, 0xb4,
    0x2, 0xb0, 0xf, 0xf2, 0x80, 0x14, 0x3, 0x9c,
    0x2, 0x60, 0xf, 0xe5, 0x0, 0xbc, 0x3, 0x84,
    0xc0, 0x2, 0x60, 0x1f, 0xbc, 0x2, 0x50, 0xf,
    0x50, 0x5, 0x60, 0x1f, 0x94, 0x2, 0xff, 0xfa,
    0x40, 0x26, 0x0, 0xf9, 0x0, 0x3f, 0xf8, 0x62,
    0x60, 0x1e, 0xe0, 0xf, 0xfe, 0x25, 0x80, 0x79,
    0x40, 0xb, 0xff, 0xfd, 0xc0, 0x13, 0x0, 0x72,
    0x0, 0x5e, 0x1, 0xfc, 0x26, 0x0, 0x13, 0x0,
    0xdc, 0x1, 0x28, 0x7, 0xfa, 0xc0, 0x2b, 0x0,
    0xc8, 0x0, 0x40, 0xf, 0xf9, 0x80, 0x25, 0x0,
    0x90, 0x40, 0x1a, 0x1, 0xff, 0x9, 0x80, 0x8,
    0xc0, 0x1a, 0x1, 0x38, 0x7, 0xff, 0x2, 0xc0,
    0x2b, 0x0, 0x38, 0x1, 0x4, 0x3, 0xff, 0x80,
    0xa0, 0x12, 0x82, 0x8, 0x3, 0x40, 0x3f, 0xf8,
    0x24, 0x60, 0x2, 0x3d, 0x0, 0x9c, 0x3, 0xff,
    0x85, 0x60, 0x15, 0x80,

    /* U+0042 "B" */
    0x8d, 0xff, 0xf7, 0x65, 0xba, 0x0, 0x7c, 0x44,
    0x0, 0xf0, 0x9a, 0x45, 0xf3, 0x80, 0x76, 0x80,
    0x64, 0x56, 0x43, 0x0, 0x86, 0x30, 0x40, 0x22,
    0x0, 0x96, 0xea, 0x6f, 0x3e, 0x44, 0x0, 0x7a,
    0x1, 0x30, 0x4, 0x20, 0x1e, 0x6f, 0x10, 0x1,
    0xa0, 0x7, 0x98, 0x3, 0xe1, 0x80, 0xb, 0x40,
    0x3c, 0x60, 0x1f, 0x9c, 0x2, 0x20, 0xf, 0x8,
    0x7, 0xe1, 0x0, 0x9c, 0x3, 0xff, 0x86, 0x20,
    0x13, 0x0, 0x7f, 0xf0, 0xdc, 0x2, 0xc0, 0xf,
    0xfe, 0x10, 0xc0, 0x0, 0x58, 0x3, 0xff, 0x82,
    0x5a, 0x20, 0xa, 0x0, 0xfc, 0x23, 0x12, 0xd6,
    0x98, 0x2, 0x90, 0x3, 0xf7, 0x75, 0xb4, 0xa0,
    0x4f, 0xca, 0x1, 0xff, 0xc3, 0x35, 0xf3, 0x0,
    0xff, 0xe2, 0x1b, 0xc6, 0xe2, 0x80, 0x7e, 0xff,
    0xed, 0xb6, 0x0, 0x1d, 0x50, 0x3, 0xff, 0x80,
    0x49, 0x3c, 0x60, 0x5, 0xa0, 0xf, 0xfe, 0x10,
    0xe8, 0x80, 0x15, 0x0, 0x3f, 0xf8, 0x43, 0x20,
    0x16, 0x80, 0x7f, 0xf0, 0xd0, 0x2, 0x50, 0xf,
    0xfe, 0x18, 0x80, 0x42, 0x1, 0xff, 0xc3, 0x60,
    0x9, 0x80, 0x3f, 0xf8, 0x78, 0x1, 0x18, 0x7,
    0xff, 0x8, 0x58, 0x2, 0xb0, 0xf, 0xfe, 0x9,
    0xe0, 0x80, 0x10, 0xc0, 0x38, 0x8b, 0x1a, 0xbe,
    0x60, 0x80, 0x3, 0x40, 0x1e, 0xdd, 0xd9, 0x50,
    0x60, 0x11, 0x60, 0x80, 0x7f, 0xf0, 0xc6, 0x34,
    0x80, 0x3f, 0xf8, 0x2, 0x6d, 0x7c, 0xe0, 0x18,

    /* U+0043 "C" */
    0x0, 0xfc, 0x2d, 0x5b, 0xfe, 0xed, 0xa6, 0x10,
    0xf, 0xf4, 0xf4, 0xa9, 0x0, 0x4, 0x96, 0x7a,
    0x40, 0x3e, 0x4e, 0x60, 0xf, 0xf9, 0xb4, 0x80,
    0x32, 0x58, 0x80, 0x65, 0x8a, 0xa4, 0x28, 0x80,
    0x4, 0x80, 0x23, 0xb0, 0xd, 0x1f, 0x4e, 0xaa,
    0x7a, 0xeb, 0x4d, 0x0, 0xdc, 0x1, 0xe, 0xb8,
    0x7, 0xe4, 0xb1, 0x0, 0x9c, 0x80, 0x2d, 0x20,
    0xf, 0xfe, 0x1d, 0x0, 0x4e, 0x60, 0x1f, 0xfc,
    0x34, 0x20, 0xa, 0x40, 0x3f, 0xf8, 0x98, 0x1,
    0x28, 0x80, 0x7f, 0xf1, 0x10, 0x2, 0xc0, 0xf,
    0xfe, 0x29, 0x80, 0x4a, 0x1, 0xff, 0xc4, 0x10,
    0xc, 0x40, 0x1f, 0xfc, 0x43, 0x0, 0xc2, 0x1,
    0xff, 0xc4, 0x10, 0xf, 0xfe, 0x48, 0x80, 0x7f,
    0xf2, 0x4c, 0x3, 0x8, 0x7, 0xff, 0x10, 0x40,
    0x31, 0x0, 0x7f, 0xf1, 0x48, 0x2, 0x40, 0xf,
    0xfe, 0x2a, 0x0, 0x58, 0x1, 0xff, 0xc5, 0xf0,
    0x9, 0x4, 0x3, 0xff, 0x88, 0xc0, 0x19, 0x80,
    0x3f, 0xf8, 0xac, 0x1, 0x48, 0x7, 0xff, 0x16,
    0xc0, 0x21, 0x90, 0xf, 0xfe, 0x21, 0x38, 0x4,
    0xd0, 0x1, 0xff, 0xc4, 0x82, 0x0, 0x9e, 0x84,
    0x3, 0xe5, 0x90, 0xf, 0x61, 0x0, 0x4b, 0xd4,
    0xea, 0xcf, 0x5d, 0x4c, 0xc0, 0xe, 0x1c, 0x30,
    0xc, 0xb1, 0x53, 0xa, 0x20, 0x8, 0x0, 0xf0,
    0xe4, 0x0, 0x7f, 0xcb, 0xe0, 0x1f, 0x9f, 0xa5,
    0x4, 0x0, 0x24, 0xb1, 0xd4, 0x20,

    /* U+0044 "D" */
    0x8f, 0xff, 0xbb, 0x6e, 0x10, 0x3, 0xfb, 0x80,
    0x3e, 0x12, 0x47, 0xbf, 0x92, 0x0, 0xf1, 0x0,
    0x7f, 0xf0, 0x5b, 0x5c, 0x3, 0x94, 0x2, 0x3f,
    0xfd, 0xb6, 0xe2, 0x1, 0x46, 0x0, 0x61, 0x0,
    0x88, 0x3, 0x12, 0x47, 0x40, 0x4, 0x76, 0x1,
    0xf0, 0x80, 0x7e, 0x7c, 0x0, 0x92, 0x0, 0x3e,
    0x20, 0xf, 0xc7, 0x60, 0x13, 0x88, 0x7, 0x84,
    0x3, 0xf9, 0x14, 0x2, 0x80, 0xf, 0xfe, 0x2f,
    0x0, 0x4c, 0x1, 0xff, 0xc5, 0x41, 0x0, 0x90,
    0x3, 0xff, 0x8a, 0xa0, 0x16, 0x0, 0x7f, 0xf1,
    0x48, 0x2, 0x20, 0xf, 0xfe, 0x2f, 0x0, 0x42,
    0x1, 0xff, 0xc9, 0x70, 0xf, 0xfe, 0x28, 0x80,
    0x7f, 0xf2, 0x44, 0x2, 0x70, 0xf, 0xfe, 0x48,
    0x80, 0x7f, 0xf1, 0x7c, 0x2, 0x20, 0xf, 0xfe,
    0x29, 0x0, 0x5a, 0x1, 0xff, 0xc5, 0x40, 0x9,
    0xc0, 0x3f, 0xf8, 0x86, 0x20, 0x2, 0x20, 0x7,
    0xff, 0x12, 0x80, 0x2a, 0x0, 0xff, 0xe2, 0x13,
    0x0, 0x4c, 0x1, 0xff, 0xc3, 0x1f, 0x0, 0x9c,
    0x40, 0x3f, 0xf8, 0x45, 0x84, 0x0, 0x28, 0x0,
    0xff, 0xe0, 0x8c, 0x69, 0x0, 0x7, 0xc0, 0x3f,
    0x31, 0xa2, 0xc6, 0x73, 0x80, 0x45, 0x84, 0x1,
    0xfa, 0xb2, 0xe9, 0xcc, 0x3, 0x2e, 0x10, 0x7,
    0xff, 0x15, 0x2e, 0x84, 0x3, 0xff, 0x82, 0x26,
    0xb3, 0xd6, 0x80, 0x1f, 0x0,

    /* U+0045 "E" */
    0xbf, 0xff, 0xfe, 0x21, 0x90, 0x7, 0xff, 0x17,
    0x80, 0x3f, 0xf8, 0xa6, 0x1, 0x2e, 0xef, 0xff,
    0x0, 0xdc, 0x2, 0x12, 0x2f, 0xfe, 0x0, 0x7,
    0x30, 0x7, 0xff, 0x14, 0xc0, 0x3f, 0xf8, 0xa2,
    0x1, 0xff, 0xff, 0x0, 0xff, 0xea, 0xff, 0xff,
    0xb0, 0x3, 0xff, 0x9a, 0x45, 0xfe, 0x60, 0xf,
    0xb7, 0x7f, 0xd4, 0x1, 0xff, 0xff, 0x0, 0xff,
    0xf6, 0x88, 0x7, 0xff, 0x5c, 0xc8, 0xbf, 0xf8,
    0x2c, 0x1, 0x16, 0xef, 0xff, 0x3, 0xcc, 0x3,
    0xff, 0x88, 0xc2, 0x1, 0xff, 0xc4, 0x20,

    /* U+0046 "F" */
    0xbf, 0xff, 0xfe, 0x26, 0x90, 0x7, 0xff, 0x11,
    0xb8, 0x3, 0xff, 0x88, 0x46, 0x1, 0x2e, 0xef,
    0xff, 0x2, 0x1c, 0x2, 0x12, 0x2f, 0xfe, 0x0,
    0x80, 0x66, 0x0, 0xff, 0xe2, 0x98, 0x7, 0xff,
    0x14, 0x40, 0x3f, 0xff, 0xe0, 0x1f, 0xfd, 0x5f,
    0xff, 0xf6, 0x0, 0x7f, 0xf3, 0x48, 0xbf, 0xcc,
    0x1, 0xf6, 0xef, 0xfa, 0x80, 0x3f, 0xff, 0xe0,
    0x1f, 0xff, 0xf0, 0xf, 0xff, 0xf8, 0x7, 0xfc,

    /* U+0047 "G" */
    0x0, 0xfc, 0x2d, 0x5b, 0xfe, 0xed, 0xa6, 0x10,
    0xf, 0xfa, 0x7a, 0x54, 0x80, 0x2, 0x4b, 0x3d,
    0x20, 0x1f, 0x93, 0x98, 0x3, 0xfe, 0x6d, 0x20,
    0xe, 0x4b, 0x10, 0xc, 0xb1, 0x54, 0x85, 0x10,
    0x0, 0x90, 0x6, 0x3b, 0x0, 0xd1, 0xf4, 0xea,
    0xa7, 0xae, 0xb4, 0xd0, 0xe, 0xe0, 0x8, 0x75,
    0xc0, 0x3f, 0x25, 0x88, 0x6, 0x72, 0x0, 0xb4,
    0x80, 0x3f, 0xf8, 0x94, 0x1, 0x39, 0x80, 0x7f,
    0xf1, 0x10, 0x80, 0x29, 0x0, 0xff, 0xe2, 0xe8,
    0x4, 0xa2, 0x1, 0xff, 0xc5, 0x50, 0xb, 0x0,
    0x3f, 0xf8, 0xc6, 0x1, 0x28, 0x7, 0xff, 0x14,
    0x40, 0x31, 0x0, 0x7f, 0xf1, 0x4c, 0x3, 0x8,
    0x7, 0xff, 0x14, 0x40, 0x3f, 0xf8, 0x1f, 0xff,
    0xe1, 0x0, 0xff, 0xe5, 0x18, 0x6, 0x10, 0xf,
    0xfe, 0x28, 0x80, 0x62, 0x0, 0xfb, 0xff, 0xc6,
    0x1, 0x88, 0x2, 0x40, 0xf, 0xfe, 0x33, 0x80,
    0x58, 0x1, 0xff, 0xc6, 0xc0, 0x9, 0x4, 0x3,
    0xff, 0x8a, 0xe0, 0x19, 0x80, 0x3f, 0xf8, 0xa2,
    0xa0, 0x14, 0x80, 0x7f, 0xf1, 0xa0, 0x2, 0x19,
    0x0, 0xff, 0xe2, 0x93, 0x80, 0x4d, 0x0, 0x1f,
    0xe1, 0x0, 0xf4, 0x10, 0x4, 0xf4, 0x20, 0x1e,
    0x4c, 0x20, 0xf, 0xb0, 0x80, 0x25, 0xea, 0x75,
    0x69, 0xdb, 0x30, 0xa, 0xc0, 0x30, 0xe1, 0x80,
    0x65, 0x8a, 0x96, 0x20, 0x8, 0xb1, 0x0, 0x38,
    0x72, 0x0, 0x3f, 0xc3, 0x1a, 0x60, 0x1f, 0x9f,
    0xa5, 0x4, 0x0, 0x26, 0xd7, 0xce, 0x1, 0x0,

    /* U+0048 "H" */
    0x45, 0x78, 0x60, 0xf, 0xfe, 0x1, 0xb3, 0xca,
    0x55, 0x21, 0xf4, 0x3, 0xff, 0x81, 0x13, 0xc,
    0x4a, 0x1, 0xff, 0xc9, 0x20, 0xf, 0xfe, 0x4f,
    0x0, 0x7f, 0xf2, 0x44, 0x3, 0xff, 0xfe, 0x1,
    0xff, 0xff, 0x0, 0xfc, 0x45, 0xff, 0xc0, 0x0,
    0xfe, 0x4d, 0xdf, 0xfe, 0x2, 0x0, 0x7f, 0xfa,
    0x13, 0xff, 0xff, 0x80, 0x80, 0x1f, 0xff, 0xf0,
    0xf, 0xff, 0xf8, 0x7, 0xff, 0xfc, 0x3, 0xff,
    0xea,

    /* U+0049 "I" */
    0x69, 0xbc, 0xdc, 0x64, 0x32, 0x20, 0x6, 0xd0,
    0xc, 0xc0, 0x1f, 0xff, 0xf0, 0xf, 0xff, 0x50,

    /* U+004A "J" */
    0x0, 0xe8, 0xff, 0xfc, 0x1, 0xdc, 0x1, 0xff,
    0xc1, 0x30, 0xf, 0xfe, 0xa, 0x44, 0x61, 0x0,
    0xfc, 0x2e, 0xf8, 0x3, 0xff, 0x84, 0x20, 0x1f,
    0xfc, 0x2, 0x0, 0xff, 0xe0, 0x88, 0x7, 0xff,
    0xfc, 0x3, 0xff, 0xfe, 0x1, 0xff, 0xe1, 0x70,
    0xf, 0xfe, 0x8, 0x80, 0x42, 0x1, 0xfd, 0xa0,
    0x11, 0x0, 0x7f, 0x30, 0x4, 0x80, 0xcc, 0x0,
    0xe8, 0x10, 0xa, 0x92, 0x65, 0xb0, 0xcf, 0x8e,
    0x1, 0x29, 0x78, 0x0, 0x9e, 0x60, 0xc0, 0x22,
    0xb0, 0xb5, 0x0, 0xfc, 0x78, 0x20, 0xa, 0xc6,
    0x20, 0x1, 0x2d, 0xe0, 0x80, 0x0,

    /* U+004B "K" */
    0x1, 0x24, 0x50, 0xf, 0xfe, 0x25, 0xf6, 0xdd,
    0x0, 0x7f, 0xa7, 0xfe, 0xc0, 0x20, 0xf, 0xfe,
    0xb, 0xb0, 0x0, 0x74, 0x38, 0x3, 0xff, 0x80,
    0x90, 0x1, 0x68, 0x81, 0x80, 0x7f, 0xc5, 0x60,
    0x15, 0x18, 0x1, 0xc0, 0x3f, 0xc3, 0x80, 0x13,
    0xa8, 0x7, 0xff, 0xb, 0x44, 0x0, 0xb0, 0x1,
    0xff, 0xc2, 0xa3, 0x0, 0x1d, 0x0, 0x7f, 0xf0,
    0x9d, 0x40, 0x3, 0xa0, 0x1f, 0xfc, 0x25, 0x80,
    0xb, 0x44, 0x3, 0xff, 0x82, 0x74, 0x1, 0x51,
    0x80, 0x7f, 0xf0, 0x47, 0x40, 0x28, 0x50, 0xf,
    0xfe, 0x16, 0x88, 0x1, 0x5c, 0x3, 0xff, 0x85,
    0x46, 0x0, 0x4a, 0x0, 0xff, 0xe1, 0xa9, 0x46,
    0xd8, 0x7, 0xff, 0x14, 0xb5, 0x80, 0x3f, 0xf8,
    0xaa, 0xb, 0x7c, 0x20, 0x1f, 0xfc, 0x3b, 0x10,
    0x0, 0xe8, 0x7, 0xff, 0xc, 0x74, 0x2, 0x38,
    0x0, 0xff, 0xe1, 0x9c, 0x0, 0x4e, 0x80, 0x1f,
    0xfc, 0x37, 0x40, 0xa, 0x84, 0x3, 0xff, 0x87,
    0x42, 0x0, 0x1a, 0x0, 0xff, 0xe1, 0x8d, 0x0,
    0x48, 0xe0, 0x1f, 0xfc, 0x34, 0x70, 0xa, 0xc,
    0x3, 0xff, 0x87, 0x8, 0x1, 0x68, 0x80, 0x7f,
    0xf0, 0xe8, 0x40, 0x3, 0x40, 0x1f, 0xfc, 0x31,
    0xa0, 0x9, 0x1c, 0x3, 0xff, 0x86, 0x8e, 0x1,
    0x41, 0x80, 0x7f, 0xf0, 0xe0, 0xc0, 0x2e, 0x10,
    0xf, 0xfe, 0x1e, 0x88, 0x0, 0xac, 0x3, 0xff,
    0x86, 0x34, 0x1, 0x2b, 0x0,

    /* U+004C "L" */
    0x69, 0xbc, 0xd0, 0xf, 0xfe, 0xe, 0x32, 0x19,
    0x0, 0x7f, 0xf0, 0x48, 0x3, 0xff, 0x8b, 0xa0,
    0x1f, 0xfc, 0x56, 0x0, 0xff, 0xff, 0x80, 0x7f,
    0xff, 0xc0, 0x3f, 0xff, 0xe0, 0x1f, 0xff, 0xf0,
    0xf, 0xff, 0x98, 0x80, 0x7f, 0xf1, 0x4c, 0x3,
    0xff, 0x8c, 0x45, 0xff, 0xc0, 0x16, 0x0, 0x8b,
    0x77, 0xff, 0x81, 0x44, 0x1, 0xff, 0xc4, 0x2f,
    0x0, 0xff, 0xe2, 0x70,

    /* U+004D "M" */
    0x48, 0x9b, 0xc4, 0x0, 0xff, 0xe3, 0x1c, 0x4d,
    0xe1, 0x11, 0xd9, 0xe, 0x0, 0x3f, 0xf8, 0xde,
    0xec, 0x86, 0x24, 0x1, 0x8c, 0xc0, 0x1f, 0xfc,
    0x43, 0x30, 0x7, 0x30, 0x7, 0x40, 0x7, 0xff,
    0x12, 0x0, 0x3c, 0x40, 0x11, 0x82, 0x18, 0x7,
    0xff, 0x8, 0xd0, 0x8, 0x3, 0xf2, 0x80, 0x24,
    0x3, 0xff, 0x85, 0x20, 0x4, 0x0, 0xfd, 0x80,
    0x5, 0x20, 0xf, 0xfe, 0x1, 0x28, 0xf, 0x0,
    0x7e, 0x33, 0x0, 0x2c, 0x3, 0xff, 0x81, 0x60,
    0x7, 0xe0, 0xf, 0xdd, 0x60, 0x6, 0x10, 0xf,
    0xf0, 0xb0, 0x3, 0x48, 0x3, 0xf1, 0x30, 0x5,
    0x20, 0x1f, 0xe8, 0x0, 0xa, 0x28, 0x7, 0xe6,
    0x13, 0x0, 0x38, 0x80, 0x7e, 0x16, 0x0, 0x30,
    0x8, 0x7, 0xe2, 0xb, 0x0, 0xa4, 0x3, 0xf4,
    0x80, 0x52, 0x1, 0xfe, 0x10, 0x60, 0x9, 0x80,
    0x3f, 0x30, 0x1, 0x84, 0x3, 0xff, 0x80, 0x2c,
    0x0, 0x17, 0x0, 0xf3, 0x88, 0x2, 0x0, 0x3f,
    0xf8, 0x50, 0x1, 0x48, 0x7, 0xa4, 0x0, 0xc2,
    0x1, 0xff, 0xc2, 0x16, 0x0, 0xb, 0x0, 0x66,
    0x10, 0x5, 0x80, 0x7f, 0xf1, 0x2c, 0x2, 0xb0,
    0xd, 0x60, 0x5, 0x20, 0xf, 0xfe, 0x21, 0x28,
    0x0, 0x94, 0x0, 0xa4, 0x0, 0x90, 0xf, 0xfe,
    0x34, 0x80, 0x50, 0x0, 0x80, 0x2, 0x18, 0x7,
    0xff, 0x18, 0xd0, 0x0, 0x42, 0x22, 0x0, 0x40,
    0x7, 0xff, 0x22, 0x0, 0x25, 0x50, 0x0, 0xcc,
    0x1, 0xff, 0xc8, 0x33, 0x0, 0x33, 0x0, 0x8,
    0x0, 0xff, 0xe5, 0x40, 0x0, 0xcc, 0x4, 0x80,
    0x1f, 0xfc, 0xa4, 0x20, 0x54, 0x8, 0x0, 0xff,
    0xe6, 0x40, 0x8, 0x12, 0x80, 0x7f, 0xf3, 0x14,
    0x80, 0x16, 0x1, 0xff, 0xce, 0xb0, 0x16, 0x0,
    0xff, 0xe7, 0x34, 0x50, 0x7, 0xff, 0x41, 0xd0,
    0x3, 0xff, 0xc0,

    /* U+004E "N" */
    0x49, 0xac, 0xd5, 0x0, 0xff, 0xe0, 0xcd, 0x66,
    0xd, 0x94, 0xca, 0xc4, 0x3, 0xff, 0x80, 0xca,
    0x64, 0x60, 0x18, 0x60, 0x3, 0xff, 0x88, 0xc0,
    0x1c, 0xc6, 0x1, 0xff, 0xc3, 0x20, 0x8, 0xc0,
    0x1e, 0x1, 0xff, 0xc7, 0xb0, 0x1, 0xb0, 0x7,
    0xff, 0x1b, 0xd4, 0x1, 0x2, 0x1, 0xff, 0xc5,
    0x29, 0x0, 0xc, 0x0, 0x7f, 0xf1, 0x58, 0xc8,
    0x0, 0xc6, 0x1, 0xff, 0xc4, 0x20, 0xb0, 0xb,
    0xc0, 0x3f, 0xf8, 0x82, 0xc, 0x40, 0x3, 0x60,
    0xf, 0xfe, 0x37, 0x0, 0x52, 0x20, 0x1f, 0xfc,
    0x53, 0x50, 0xa, 0xc0, 0x3f, 0xf8, 0xd6, 0x1,
    0x29, 0x80, 0x7f, 0xf1, 0x46, 0x40, 0x2e, 0x0,
    0xff, 0xe3, 0x31, 0x80, 0x9, 0xc0, 0x3f, 0xf8,
    0xde, 0x1, 0x40, 0x80, 0x7f, 0xf1, 0x4d, 0x80,
    0x2b, 0x0, 0xff, 0xe3, 0x40, 0x80, 0x15, 0x0,
    0x3f, 0xf8, 0xa3, 0x0, 0x14, 0x80, 0x7f, 0xf1,
    0x98, 0xc0, 0x4, 0xe0, 0x20, 0x1f, 0xfc, 0x4e,
    0x0, 0xa8, 0x8, 0x3, 0xff, 0x88, 0x4e, 0x0,
    0x23, 0x60, 0xf, 0xfe, 0x2c, 0x8, 0x2, 0x74,
    0x3, 0xff, 0x8d, 0x60, 0x5, 0x10, 0xf, 0xfe,
    0x32, 0xa0, 0x3, 0xc0, 0x3f, 0xf8, 0xf2, 0x0,
    0x70, 0xf, 0xfe, 0x39, 0x38, 0x8, 0x7, 0xff,
    0x22, 0x8, 0x3, 0xff, 0x95, 0x20, 0x18,

    /* U+004F "O" */
    0x0, 0xfe, 0x59, 0xce, 0xff, 0x76, 0x4a, 0x0,
    0x7f, 0xf1, 0x1b, 0xa9, 0x8c, 0x40, 0x2, 0x6d,
    0x7c, 0xa0, 0x1f, 0xfc, 0x2, 0xd9, 0x10, 0xf,
    0xf0, 0xd6, 0x8, 0x7, 0xf1, 0xe1, 0x0, 0x65,
    0x79, 0x93, 0xa0, 0x6, 0x3f, 0x20, 0xf, 0x8b,
    0x4, 0x2, 0x9f, 0xa8, 0x66, 0x45, 0xf3, 0x0,
    0x43, 0x82, 0x1, 0xef, 0x0, 0x8b, 0x58, 0x3,
    0xe1, 0x9b, 0x0, 0x87, 0x40, 0x3a, 0x8, 0x0,
    0x3e, 0x40, 0x1f, 0xe4, 0xa0, 0x8, 0xd8, 0x3,
    0x30, 0x5, 0x64, 0x1, 0xff, 0xc0, 0x56, 0x0,
    0xa0, 0x2, 0x61, 0x0, 0x1a, 0x80, 0x7f, 0xf0,
    0xa0, 0x2, 0x15, 0x0, 0x68, 0x5, 0x40, 0x1f,
    0xfc, 0x31, 0x50, 0xb, 0x80, 0x8, 0x1, 0x38,
    0x7, 0xff, 0x13, 0xc0, 0x25, 0x3, 0x0, 0x84,
    0x40, 0x1f, 0xfc, 0x44, 0x0, 0x84, 0x98, 0x2,
    0x20, 0xf, 0xfe, 0x28, 0x88, 0x2, 0x73, 0x0,
    0x9c, 0x3, 0xff, 0x8c, 0x40, 0x11, 0x88, 0x4,
    0x20, 0x1f, 0xfc, 0x67, 0x0, 0x84, 0x3, 0x8,
    0x7, 0xff, 0x18, 0x40, 0x30, 0x80, 0x4e, 0x1,
    0xff, 0xc6, 0x10, 0x8, 0x4c, 0x2, 0x20, 0xf,
    0xfe, 0x33, 0x80, 0x46, 0xc0, 0x10, 0x88, 0x3,
    0xff, 0x8a, 0x40, 0x13, 0x18, 0x6, 0x40, 0xf,
    0xfe, 0x21, 0x8, 0x4, 0x60, 0x80, 0x17, 0x80,
    0x7f, 0xf1, 0x14, 0x2, 0x40, 0x7, 0x0, 0x4a,
    0x20, 0x1f, 0xfc, 0x3a, 0x0, 0xb4, 0x0, 0xa2,
    0x1, 0x40, 0x7, 0xff, 0x9, 0x88, 0x0, 0x2c,
    0x1, 0x48, 0x4, 0xc8, 0x1, 0xff, 0xc0, 0x28,
    0x0, 0x98, 0x3, 0x39, 0x80, 0x56, 0x80, 0x1f,
    0xe2, 0xf1, 0x0, 0x14, 0x0, 0x77, 0x8, 0x5,
    0x70, 0x20, 0x1f, 0x36, 0x90, 0x5, 0xe0, 0x1e,
    0x2c, 0x10, 0x9, 0xfa, 0xdd, 0x95, 0xeb, 0xa4,
    0x2, 0x1c, 0x20, 0xf, 0x8b, 0xc, 0x3, 0x24,
    0x4d, 0x42, 0x88, 0x4, 0x58, 0x60, 0x1f, 0xc5,
    0x92, 0x20, 0x1f, 0xe1, 0x9d, 0x20, 0xf, 0xfe,
    0x3, 0x75, 0xb1, 0x88, 0x0, 0x4d, 0xab, 0x98,
    0x3, 0xe0,

    /* U+0050 "P" */
    0xad, 0xff, 0xfb, 0x6e, 0x54, 0x40, 0x38, 0x48,
    0x3, 0xe2, 0x46, 0xae, 0x91, 0x0, 0x8c, 0x3,
    0x1a, 0xac, 0x60, 0x19, 0xbd, 0x0, 0x1a, 0x1,
    0x2e, 0x55, 0x59, 0xf4, 0x40, 0x1, 0xb3, 0x6,
    0x0, 0x84, 0x3, 0xcb, 0xaa, 0x1, 0x68, 0x7,
    0x30, 0x7, 0xea, 0x30, 0x0, 0xa8, 0x6, 0x30,
    0xf, 0xe9, 0x0, 0xb0, 0x3, 0x8, 0x7, 0xf2,
    0x0, 0x44, 0x1, 0xff, 0xc2, 0x10, 0x9, 0xc0,
    0x3f, 0xf8, 0x42, 0x1, 0x30, 0x7, 0xff, 0x9,
    0x40, 0x23, 0x0, 0xff, 0xe1, 0x70, 0x5, 0xa0,
    0x1f, 0xfc, 0x14, 0x50, 0x0, 0xa0, 0x7, 0xff,
    0x1, 0xac, 0x2, 0xb0, 0xf, 0xc2, 0x6b, 0x3d,
    0x20, 0x13, 0xa8, 0x7, 0xbf, 0xdd, 0x94, 0xc2,
    0x1, 0x54, 0x0, 0x7f, 0xf0, 0x8a, 0x3d, 0x40,
    0x3f, 0x22, 0x15, 0xa2, 0xbb, 0x5c, 0x3, 0xfd,
    0x76, 0xa9, 0x75, 0x10, 0xf, 0xff, 0xf8, 0x7,
    0xff, 0xfc, 0x3, 0xff, 0xec,

    /* U+0051 "Q" */
    0x0, 0xfe, 0x59, 0xce, 0xff, 0x76, 0x4a, 0x0,
    0x7f, 0xf1, 0x1b, 0xa9, 0x8c, 0x40, 0x2, 0x6d,
    0x7a, 0xa0, 0x1f, 0xfc, 0x2, 0xd9, 0x10, 0xf,
    0xf1, 0x56, 0x8, 0x7, 0xf1, 0xe1, 0x0, 0x65,
    0x79, 0x94, 0x20, 0x6, 0x3f, 0x20, 0xf, 0x8b,
    0x4, 0x2, 0x9f, 0xa8, 0x66, 0x3d, 0xf3, 0x0,
    0x43, 0x82, 0x1, 0xef, 0x0, 0x8b, 0x58, 0x3,
    0xe1, 0x9b, 0x0, 0x86, 0x80, 0x3a, 0x8, 0x0,
    0x3e, 0x40, 0x1f, 0xe4, 0xa0, 0x9, 0x18, 0x3,
    0x30, 0x5, 0x64, 0x1, 0xff, 0xc0, 0x56, 0x0,
    0xac, 0x2, 0x61, 0x0, 0x1a, 0x80, 0x7f, 0xf0,
    0xa0, 0x2, 0x25, 0x0, 0x68, 0x5, 0x40, 0x1f,
    0xfc, 0x31, 0x50, 0xb, 0xc0, 0x8, 0x1, 0x38,
    0x7, 0xff, 0x13, 0xc0, 0x24, 0x3, 0x0, 0x84,
    0x40, 0x1f, 0xfc, 0x44, 0x0, 0x84, 0x98, 0x2,
    0x20, 0xf, 0xfe, 0x28, 0x88, 0x2, 0x73, 0x0,
    0x9c, 0x3, 0xff, 0x8c, 0x40, 0x11, 0x88, 0x4,
    0x20, 0x1f, 0xfc, 0x67, 0x0, 0x84, 0x3, 0x8,
    0x7, 0xff, 0x18, 0x40, 0x30, 0x80, 0x4e, 0x1,
    0xff, 0xc6, 0x10, 0xc, 0x60, 0x11, 0x0, 0x7f,
    0xf1, 0x9c, 0x2, 0x26, 0x0, 0x84, 0x40, 0x1f,
    0xfc, 0x53, 0x0, 0x98, 0xc0, 0x32, 0x0, 0x7f,
    0xf1, 0x8, 0x3, 0x18, 0x20, 0x5, 0xe0, 0x1f,
    0xfc, 0x45, 0x0, 0x8c, 0x1, 0xc0, 0x12, 0x88,
    0x7, 0x3f, 0xec, 0x98, 0x7, 0x50, 0x5, 0x40,
    0x5, 0x10, 0xa, 0x0, 0x3a, 0x80, 0x9b, 0x24,
    0x2, 0x62, 0x0, 0x9c, 0x2, 0x90, 0x9, 0x90,
    0x2, 0x21, 0x10, 0x4, 0xd8, 0x0, 0x90, 0x9,
    0xc4, 0x2, 0x73, 0x0, 0xad, 0x0, 0x5, 0x9d,
    0xa8, 0x0, 0x3b, 0x10, 0x8, 0x60, 0x3, 0xb8,
    0x40, 0x2b, 0x81, 0x0, 0x8a, 0xd0, 0x0, 0x92,
    0x1, 0x68, 0x7, 0x8b, 0x4, 0x2, 0x7e, 0xb7,
    0x65, 0x71, 0x0, 0x9c, 0x1, 0x46, 0x1, 0xf1,
    0x61, 0x80, 0x64, 0x89, 0xa8, 0x54, 0x0, 0xd6,
    0xa0, 0x1f, 0xc5, 0x92, 0x20, 0x1f, 0xa0, 0xc0,
    0x23, 0x0, 0xff, 0xe0, 0x37, 0x5b, 0x18, 0x80,
    0x4, 0xcb, 0xc0, 0x28, 0xa3, 0x0, 0xff, 0xe0,
    0x24, 0xe7, 0x7f, 0xbb, 0x4, 0xe8, 0x2, 0x5c,
    0xff, 0x0, 0x7f, 0xf2, 0x17, 0x8, 0x3, 0x30,
    0x7, 0xff, 0x24, 0xf6, 0x94, 0xca, 0x80,

    /* U+0052 "R" */
    0x9d, 0xef, 0xff, 0x76, 0x4a, 0x80, 0x7f, 0x11,
    0x4, 0x3, 0xc2, 0x6d, 0x5f, 0x22, 0x1, 0xe3,
    0x0, 0x85, 0x15, 0x63, 0x10, 0x9, 0xbc, 0xc0,
    0x3b, 0x40, 0x24, 0xba, 0xab, 0x3b, 0x10, 0x0,
    0x38, 0x60, 0x19, 0x80, 0x21, 0x0, 0xf1, 0xdc,
    0x0, 0x5c, 0x1, 0xf9, 0x80, 0x3f, 0x3a, 0x0,
    0x9, 0x0, 0x3e, 0x30, 0xf, 0xe8, 0x0, 0xb4,
    0x3, 0xe1, 0x0, 0xfe, 0x30, 0x8, 0x80, 0x3f,
    0xf8, 0xc2, 0x0, 0x70, 0xf, 0xfe, 0x30, 0x80,
    0x1c, 0x3, 0xff, 0x8a, 0x60, 0x11, 0x0, 0x7f,
    0xf1, 0x68, 0x2, 0xd0, 0xf, 0xfe, 0x21, 0xb0,
    0x0, 0x90, 0x3, 0xff, 0x86, 0x9a, 0x1, 0x40,
    0x7, 0xff, 0x4, 0x96, 0xec, 0x20, 0x8, 0x50,
    0xf, 0xef, 0xfd, 0xb4, 0x80, 0x15, 0x38, 0x7,
    0xff, 0x14, 0x5f, 0x94, 0x3, 0xff, 0x88, 0x97,
    0xd0, 0x20, 0x1f, 0xfc, 0xf, 0xf9, 0x81, 0x2e,
    0x80, 0x3f, 0xf8, 0xb2, 0x60, 0x5, 0xa0, 0xf,
    0xfe, 0x2e, 0x88, 0x1, 0x58, 0x3, 0xff, 0x88,
    0x34, 0x1, 0x49, 0x80, 0x7f, 0xf1, 0x11, 0xc0,
    0x2e, 0x10, 0xf, 0xfe, 0x24, 0x20, 0x0, 0xa8,
    0x3, 0xff, 0x8b, 0x42, 0x0, 0x47, 0x0, 0xff,
    0xe2, 0xe, 0x80, 0x50, 0x60, 0x1f, 0xfc, 0x43,
    0x80, 0xb, 0x44, 0x3, 0xff, 0x88, 0xe8, 0x0,
    0x1a, 0x0, 0xff, 0xe2, 0xd1, 0x0, 0x12, 0x0,
    0x3f, 0xf8, 0x83, 0xc0, 0x13, 0xa0,

    /* U+0053 "S" */
    0x0, 0xf1, 0xce, 0x77, 0xf6, 0xd3, 0x8, 0x7,
    0xe3, 0xcc, 0x31, 0x88, 0x9, 0x2c, 0xf5, 0x10,
    0x7, 0x2e, 0x18, 0x7, 0xf9, 0x74, 0x40, 0x24,
    0xa0, 0x8, 0x5a, 0x6e, 0xd4, 0xc2, 0x0, 0x91,
    0x0, 0xa8, 0x2, 0x6e, 0x96, 0x44, 0x2c, 0xf5,
    0x3b, 0x0, 0x4a, 0x20, 0x3, 0x90, 0xf, 0xcb,
    0x0, 0x1b, 0xc0, 0x2a, 0x0, 0xff, 0xe1, 0x88,
    0x4, 0x60, 0x1f, 0xfc, 0x7d, 0x0, 0xff, 0xe1,
    0x98, 0x4, 0xe6, 0x1, 0xff, 0xc2, 0xa0, 0xd,
    0x8a, 0x1, 0xff, 0xc1, 0x29, 0x0, 0xd5, 0x88,
    0x1, 0xff, 0xc0, 0x69, 0x0, 0xc7, 0x7a, 0xc0,
    0x1f, 0xf3, 0x69, 0x80, 0x62, 0x9e, 0x60, 0xf,
    0xf1, 0x65, 0x98, 0x6, 0x19, 0xd4, 0x0, 0xff,
    0x26, 0x59, 0x80, 0x62, 0xb8, 0x0, 0xff, 0x93,
    0x30, 0x60, 0x19, 0xdc, 0x1, 0xff, 0xc0, 0x3c,
    0x90, 0xd, 0x6, 0x1, 0xff, 0xc1, 0x6c, 0x0,
    0xd2, 0x1, 0xff, 0xc2, 0x38, 0x0, 0x94, 0x3,
    0xff, 0x86, 0xc0, 0x18, 0x40, 0x3f, 0xf8, 0x42,
    0x1, 0x8c, 0x3, 0xff, 0x8e, 0x60, 0x1f, 0xfc,
    0x24, 0x0, 0x84, 0x40, 0x1f, 0xfc, 0x29, 0x0,
    0x98, 0x2, 0xd8, 0x10, 0xf, 0x8b, 0x8, 0x0,
    0x32, 0x0, 0x82, 0x7e, 0xb7, 0x43, 0x46, 0xbd,
    0x30, 0xa, 0xc4, 0x9, 0xc0, 0x24, 0x8b, 0xcb,
    0x94, 0x0, 0xd4, 0xa0, 0x2, 0xb3, 0x0, 0xff,
    0x97, 0x94, 0x3, 0x26, 0x6c, 0x29, 0x8, 0x9,
    0x24, 0xed, 0x8, 0x6,

    /* U+0054 "T" */
    0x6f, 0xff, 0xfe, 0x42, 0x0, 0x7f, 0xf8, 0x1b,
    0x77, 0xec, 0x0, 0xd9, 0xbb, 0xf2, 0x1, 0x17,
    0xe0, 0xc, 0x45, 0xf8, 0x3, 0xff, 0xfe, 0x1,
    0xff, 0xff, 0x0, 0xff, 0xff, 0x80, 0x7f, 0xff,
    0xc0, 0x3f, 0xff, 0xe0, 0x1f, 0xff, 0xf0, 0xf,
    0xff, 0xf8, 0x7, 0xff, 0x38,

    /* U+0055 "U" */
    0x1, 0x34, 0x40, 0x7, 0xff, 0x17, 0xb9, 0x97,
    0xe0, 0x1f, 0xfc, 0xb, 0xff, 0x98, 0x80, 0x3f,
    0xf9, 0x2c, 0x1, 0xff, 0xc9, 0x20, 0xf, 0xfe,
    0x4f, 0x0, 0x7f, 0xff, 0xc0, 0x3f, 0xff, 0xe0,
    0x1f, 0xff, 0xf0, 0xf, 0xff, 0xf8, 0x7, 0xff,
    0x44, 0xc0, 0x27, 0x0, 0xff, 0xe2, 0x88, 0x4,
    0x20, 0x1f, 0xfc, 0x7, 0x0, 0x89, 0x40, 0x22,
    0x10, 0xf, 0xf8, 0x40, 0x27, 0x12, 0x0, 0x9c,
    0x3, 0xfc, 0x24, 0x1, 0x18, 0x20, 0x5, 0x60,
    0x1f, 0xe6, 0x0, 0x90, 0x1, 0x60, 0x11, 0x40,
    0x7, 0xe2, 0x80, 0xb, 0x80, 0x4, 0xa0, 0x13,
    0xc0, 0x7, 0x93, 0x0, 0x23, 0x50, 0xa, 0xc4,
    0x2, 0x7e, 0x86, 0x64, 0x65, 0x88, 0x0, 0x78,
    0x3, 0xe, 0x8, 0x4, 0x2f, 0x32, 0x73, 0x0,
    0x87, 0x48, 0x3, 0x8b, 0xd4, 0x3, 0xfc, 0xbe,
    0x60, 0x1f, 0xd, 0x6b, 0x98, 0x80, 0x9, 0x23,
    0xa8, 0x40, 0x30,

    /* U+0056 "V" */
    0x1, 0x35, 0x10, 0xf, 0xfe, 0x3b, 0xf6, 0x54,
    0x80, 0x7f, 0xf0, 0x8b, 0xfe, 0xa5, 0x0, 0x94,
    0x3, 0xff, 0x84, 0xa0, 0x17, 0x11, 0x0, 0x4,
    0x40, 0xf, 0xfe, 0xd, 0x80, 0x48, 0xa, 0x1,
    0x28, 0x7, 0xff, 0x0, 0x4c, 0x0, 0xa0, 0xb,
    0x0, 0xac, 0x3, 0xff, 0x80, 0xe0, 0x17, 0x80,
    0xc, 0x80, 0x6, 0x40, 0x1f, 0xf5, 0x0, 0x4a,
    0x1, 0x28, 0x4, 0xa0, 0x1f, 0xe1, 0x30, 0x2,
    0x0, 0x6b, 0x0, 0xac, 0x3, 0xfc, 0xe0, 0x16,
    0x80, 0x63, 0x10, 0x1, 0x88, 0x7, 0xf6, 0x80,
    0x4e, 0x1, 0xcc, 0x1, 0x38, 0x7, 0xf2, 0x0,
    0x10, 0x40, 0x3a, 0xc0, 0x2d, 0x0, 0xfc, 0xa0,
    0x16, 0x80, 0x78, 0xc4, 0x0, 0x82, 0x1, 0xf7,
    0x80, 0x4e, 0x1, 0xf3, 0x80, 0x4e, 0x1, 0xf2,
    0x80, 0xc, 0x40, 0x3e, 0xa0, 0xb, 0x40, 0x3c,
    0xa0, 0x15, 0x80, 0x7e, 0x31, 0x0, 0x20, 0x7,
    0xbc, 0x2, 0x60, 0xf, 0xe7, 0x0, 0x94, 0x3,
    0x90, 0x0, 0x62, 0x1, 0xfd, 0xa0, 0x17, 0x80,
    0x64, 0x10, 0x5, 0x80, 0x7f, 0x90, 0x40, 0xa,
    0x1, 0xb4, 0x2, 0x50, 0xf, 0xf9, 0xc0, 0x25,
    0x0, 0x9c, 0x0, 0x44, 0x0, 0xff, 0xb4, 0x2,
    0xf0, 0x1, 0x88, 0x1, 0x40, 0x3f, 0xf8, 0x8,
    0x1, 0x20, 0x2, 0xc0, 0x2a, 0x0, 0xff, 0xe0,
    0xa8, 0x0, 0x48, 0xc, 0x0, 0x44, 0x0, 0xff,
    0xe0, 0xf0, 0x4, 0x80, 0xa0, 0x5, 0x0, 0xff,
    0xe1, 0x20, 0x5, 0x80, 0x20, 0xb, 0x0, 0xff,
    0xe1, 0xa8, 0x1, 0xc, 0x0, 0x26, 0x1, 0xff,
    0xc3, 0xf0, 0x0, 0xa0, 0x1, 0xc0, 0x3f, 0xf8,
    0x8a, 0x1, 0x48, 0x3, 0x0, 0x3f, 0xf8, 0xaa,
    0x0, 0x10, 0x3, 0x0, 0x7f, 0xf1, 0x7c, 0x3,
    0x88, 0x3, 0xff, 0x8a, 0xae, 0xa8, 0x64, 0x20,
    0x1f, 0x80,

    /* U+0057 "W" */
    0x1, 0x35, 0x10, 0xf, 0xfe, 0x9c, 0x76, 0x53,
    0x80, 0x7f, 0xd7, 0xfe, 0xb0, 0xf, 0xf9, 0x7f,
    0xe2, 0xc0, 0xb, 0x0, 0x3f, 0xe5, 0x0, 0x20,
    0x7, 0xfd, 0x80, 0x1, 0x24, 0x0, 0x90, 0x3,
    0xfc, 0x62, 0x1, 0x18, 0x7, 0xf9, 0x0, 0x8,
    0x0, 0x30, 0x0, 0x88, 0x3, 0xf9, 0x0, 0x32,
    0x0, 0x7f, 0x9, 0x0, 0x30, 0x0, 0x80, 0x12,
    0x0, 0x7f, 0x60, 0x6, 0xc0, 0xf, 0xe4, 0x0,
    0x90, 0x1, 0x80, 0x16, 0x0, 0x7f, 0x28, 0x0,
    0x41, 0x0, 0x3f, 0xb0, 0x0, 0x24, 0x0, 0x40,
    0x9, 0x0, 0x3f, 0x18, 0x80, 0xa8, 0x0, 0xc0,
    0x3f, 0x20, 0x1, 0x0, 0x31, 0x80, 0x8, 0x40,
    0x3e, 0x40, 0x2, 0x88, 0x1, 0x0, 0x3e, 0x12,
    0x0, 0x60, 0x6, 0x40, 0x9, 0x0, 0x3e, 0xc0,
    0x1, 0x98, 0x1, 0x80, 0x1f, 0x20, 0x4, 0x80,
    0x1b, 0x0, 0x2c, 0x0, 0xf9, 0x40, 0x1b, 0xc0,
    0x5, 0x0, 0xfb, 0x0, 0x2, 0x40, 0x19, 0x0,
    0x24, 0x0, 0xf1, 0x88, 0x1, 0x84, 0x0, 0x26,
    0x1, 0xe4, 0x0, 0x20, 0x7, 0x8c, 0x0, 0x42,
    0x1, 0xc8, 0x1, 0x19, 0x80, 0x24, 0x0, 0xe1,
    0x20, 0x6, 0x0, 0x79, 0x0, 0x24, 0x0, 0xec,
    0x0, 0x10, 0x30, 0x5, 0x80, 0x1c, 0x80, 0x12,
    0x0, 0x7b, 0x0, 0x2c, 0x0, 0xe5, 0x0, 0x20,
    0x18, 0x4, 0xa0, 0x1d, 0x80, 0x1, 0x20, 0xf,
    0x20, 0x4, 0x80, 0x18, 0xc4, 0x1, 0x80, 0x4,
    0x0, 0x9, 0x80, 0x64, 0x0, 0x20, 0x7, 0xe3,
    0x0, 0x10, 0x80, 0x48, 0x1, 0x20, 0x3, 0x0,
    0x24, 0x0, 0x84, 0x80, 0x18, 0x1, 0xf9, 0x0,
    0x24, 0x0, 0xb0, 0x0, 0x42, 0x0, 0x40, 0xb,
    0x0, 0x24, 0x0, 0x90, 0x3, 0xf6, 0x0, 0x58,
    0x1, 0x28, 0x1, 0x0, 0x23, 0x0, 0x94, 0x2,
    0xc0, 0x0, 0x90, 0x7, 0xe4, 0x0, 0x90, 0x0,
    0x62, 0x0, 0xc0, 0xc, 0x80, 0x1, 0x30, 0x2,
    0x0, 0x10, 0x3, 0xfc, 0x60, 0x2, 0x10, 0x40,
    0x9, 0x0, 0x36, 0x0, 0x48, 0x2, 0x40, 0xc,
    0x0, 0xff, 0x20, 0x4, 0x81, 0xa0, 0x2, 0x10,
    0xc, 0x80, 0x16, 0x82, 0x0, 0x48, 0x1, 0xfe,
    0xc0, 0xb, 0x41, 0x80, 0x8, 0x1, 0xc6, 0x1,
    0x20, 0x10, 0x0, 0x48, 0x3, 0xfc, 0xa0, 0x11,
    0x80, 0x80, 0x30, 0x3, 0xc8, 0x0, 0x11, 0x78,
    0x1, 0x0, 0x3f, 0xe1, 0x30, 0x2, 0x81, 0x80,
    0x10, 0x3, 0xd8, 0x1, 0x10, 0x80, 0x30, 0x3,
    0xff, 0x80, 0x80, 0x1, 0x18, 0x8, 0x40, 0x3c,
    0x80, 0x12, 0x98, 0x1, 0x0, 0x3f, 0xf8, 0x18,
    0x1, 0x20, 0x1, 0x0, 0x3e, 0x30, 0xb, 0xc4,
    0x4, 0x80, 0x3f, 0xf8, 0xa, 0x1, 0x60, 0x3,
    0x0, 0x3f, 0x20, 0x1, 0x5c, 0x10, 0x3, 0xff,
    0x82, 0x24, 0x0, 0x50, 0x2, 0x0, 0x7e, 0xc0,
    0x1, 0x88, 0x60, 0x7, 0xff, 0x9, 0x0, 0x6,
    0x4, 0x20, 0x1f, 0x90, 0x2, 0x20, 0x40, 0xf,
    0xfe, 0x16, 0x0, 0x64, 0x0, 0xfe, 0x30, 0xc,
    0x24, 0x1, 0xf0,

    /* U+0058 "X" */
    0x0, 0x9, 0xa1, 0x80, 0x7f, 0xf1, 0xdf, 0xb2,
    0xf4, 0x3, 0xff, 0x80, 0x7f, 0xf6, 0x0, 0x1c,
    0x80, 0x3, 0x20, 0x1f, 0xf7, 0x0, 0x5c, 0x1,
    0x48, 0x4, 0xc4, 0x1, 0xfc, 0xe4, 0x0, 0x72,
    0x0, 0x91, 0x0, 0x17, 0x0, 0x7e, 0x18, 0x0,
    0xc, 0x0, 0x75, 0x0, 0x46, 0xa0, 0x1f, 0x58,
    0x5, 0x60, 0x1e, 0x18, 0x0, 0xac, 0x3, 0xc6,
    0xa0, 0x3, 0x50, 0xf, 0x9c, 0x80, 0x3, 0x20,
    0x1d, 0xc0, 0x17, 0x0, 0x7f, 0x48, 0x4, 0xc4,
    0x1, 0x39, 0x0, 0x1c, 0x80, 0x3f, 0x91, 0x40,
    0x2e, 0x0, 0xc, 0x0, 0x6, 0x0, 0x3f, 0xeb,
    0x0, 0x8d, 0x2, 0x0, 0x2b, 0x0, 0xff, 0xe0,
    0xc, 0x0, 0x5c, 0xe, 0x0, 0x45, 0x0, 0xff,
    0xe0, 0xb9, 0x0, 0x14, 0xc4, 0x1, 0x20, 0x1f,
    0xfc, 0x39, 0x0, 0xbc, 0x0, 0xe4, 0x1, 0xff,
    0xc3, 0x45, 0x0, 0x18, 0xc, 0x0, 0x7f, 0xf2,
    0x98, 0x3, 0xff, 0x8a, 0x6a, 0x1, 0x98, 0x3,
    0xff, 0x8b, 0xc0, 0x5, 0x0, 0xc, 0x80, 0x7f,
    0xf0, 0xdc, 0x80, 0x16, 0x40, 0x6, 0x20, 0xf,
    0xfe, 0x8, 0xc0, 0x1, 0x6, 0x80, 0x2e, 0x0,
    0xff, 0xe0, 0xd8, 0x5, 0xc0, 0xc0, 0x11, 0xa8,
    0x7, 0xfc, 0x6a, 0x0, 0x45, 0x1, 0x80, 0xa,
    0xc0, 0x3f, 0xee, 0x0, 0xa4, 0x2, 0x72, 0x0,
    0xc, 0x80, 0x7f, 0x39, 0x0, 0x1c, 0x80, 0x34,
    0x80, 0x4c, 0x60, 0x1f, 0xc, 0x0, 0x6, 0x0,
    0x39, 0x14, 0x2, 0xf0, 0xf, 0xac, 0x2, 0xb0,
    0xf, 0xac, 0x2, 0x36, 0x0, 0xe3, 0x50, 0x2,
    0x28, 0x7, 0xc3, 0x0, 0x14, 0x8, 0x6, 0xe0,
    0xa, 0x40, 0x3f, 0x9c, 0x80, 0x3, 0x0, 0x13,
    0x90, 0x1, 0xc8, 0x3, 0xfd, 0xc0, 0x13, 0x18,
    0xc, 0x0, 0x6, 0x0, 0x3f, 0xe3, 0x50, 0xb,
    0xc2, 0xc0, 0x2b, 0x0, 0xff, 0xe0, 0xd8, 0x80,
    0xd, 0x80,

    /* U+0059 "Y" */
    0x1, 0x35, 0x20, 0xf, 0xfe, 0x2c, 0x76, 0x54,
    0x80, 0x7f, 0xf0, 0x13, 0xfe, 0x89, 0x0, 0x90,
    0xc0, 0x3f, 0xe8, 0x0, 0xa4, 0x5c, 0x2, 0x80,
    0xf, 0xf2, 0x98, 0x1, 0xc4, 0x24, 0x2, 0x43,
    0x0, 0xfe, 0x80, 0xa, 0x40, 0x2, 0xe0, 0x14,
    0x0, 0x7e, 0x52, 0x0, 0x38, 0x80, 0x52, 0x1,
    0x22, 0x0, 0x3e, 0x80, 0x0, 0xc0, 0x6, 0x18,
    0x0, 0xa0, 0x3, 0xca, 0x40, 0x9, 0x0, 0xf3,
    0x88, 0x0, 0xd0, 0x3, 0xa0, 0x0, 0x2e, 0x1,
    0xf4, 0x80, 0x50, 0x1, 0x98, 0x80, 0x12, 0x1,
    0xf9, 0xc4, 0x0, 0x68, 0x1, 0x58, 0x0, 0x5c,
    0x3, 0xfa, 0x40, 0x28, 0x0, 0x31, 0x0, 0x24,
    0x3, 0xfc, 0xe2, 0x0, 0x33, 0x5, 0x0, 0x5,
    0xc0, 0x3f, 0xe9, 0x0, 0xac, 0xc, 0x1, 0x0,
    0x1f, 0xfc, 0x7, 0x10, 0x2, 0x88, 0x0, 0x58,
    0x3, 0xff, 0x83, 0x0, 0x2, 0x40, 0x4, 0x0,
    0x7f, 0xf0, 0x98, 0x40, 0x10, 0x4, 0xc0, 0x1f,
    0xfc, 0x38, 0x0, 0x10, 0x58, 0x7, 0xff, 0x11,
    0xc0, 0x33, 0x80, 0x7f, 0xff, 0xc0, 0x3f, 0xff,
    0xe0, 0x1f, 0xff, 0xf0, 0xf, 0xff, 0x18,

    /* U+005A "Z" */
    0x5, 0xff, 0xff, 0xe3, 0x50, 0x1, 0x80, 0x3f,
    0xf8, 0xd2, 0x0, 0x20, 0xf, 0xf8, 0x51, 0x94,
    0x0, 0xa6, 0x0, 0x1d, 0xdf, 0xf7, 0xf5, 0xd2,
    0x80, 0x20, 0x3, 0x11, 0x7f, 0x80, 0x7, 0x80,
    0x7, 0x20, 0xf, 0xfe, 0x1a, 0x60, 0x0, 0x60,
    0x3, 0xff, 0x86, 0x34, 0x1, 0x40, 0x7, 0xff,
    0x12, 0x44, 0x0, 0x4c, 0x1, 0xff, 0xc3, 0x27,
    0x0, 0xa4, 0x3, 0xff, 0x89, 0x20, 0x12, 0x20,
    0x3, 0xff, 0x86, 0x88, 0x0, 0xa4, 0x3, 0xff,
    0x89, 0x20, 0x13, 0x10, 0x7, 0xff, 0xd, 0x88,
    0x2, 0x80, 0xf, 0xfe, 0x24, 0x0, 0x50, 0x20,
    0x1f, 0xfc, 0x38, 0x10, 0x0, 0xb8, 0x7, 0xff,
    0xc, 0x9c, 0x2, 0xb0, 0xf, 0xfe, 0x24, 0x0,
    0x46, 0xa0, 0x1f, 0xfc, 0x33, 0x50, 0xa, 0x0,
    0x3f, 0xf8, 0x9e, 0x1, 0x22, 0x0, 0x3f, 0xf8,
    0x6c, 0x60, 0x14, 0x80, 0x7f, 0xf1, 0x20, 0x2,
    0x62, 0x0, 0xff, 0xe1, 0xc0, 0x80, 0x6, 0x0,
    0x3f, 0xf8, 0x62, 0xe0, 0x14, 0x88, 0x7, 0xff,
    0xe, 0xc0, 0x22, 0x70, 0xf, 0xfe, 0x19, 0xa8,
    0x0, 0x78, 0x3, 0xff, 0x89, 0xe0, 0x16, 0x98,
    0x7, 0xff, 0xd, 0x4c, 0x1, 0x86, 0x0, 0x22,
    0xff, 0xe0, 0x0, 0x2c, 0x0, 0xb5, 0x7d, 0xfb,
    0xbf, 0xf6, 0x3, 0x88, 0x1, 0x59, 0x4, 0x3,
    0xff, 0x80, 0x21, 0xc0, 0x1f, 0xfc, 0x82,

    /* U+005B "[" */
    0xff, 0xff, 0x9c, 0x80, 0x3f, 0xe6, 0x0, 0xff,
    0x9, 0x0, 0x5f, 0xff, 0x30, 0x6, 0x20, 0xf,
    0xf9, 0x80, 0x3f, 0xe1, 0x0, 0xff, 0x8c, 0x3,
    0xff, 0xfe, 0x1, 0xff, 0xff, 0x0, 0xff, 0xff,
    0x80, 0x7f, 0xfc, 0x8c, 0x3, 0xfe, 0x10, 0xf,
    0xf9, 0x80, 0x3f, 0xe2, 0x0, 0xf8, 0x80, 0x2f,
    0xff, 0x99, 0x80, 0x1f, 0xe1, 0x20, 0xf, 0xf8,

    /* U+005C "\\" */
    0x4f, 0xfa, 0xc0, 0x3f, 0xf8, 0x48, 0x40, 0x4,
    0x20, 0xf, 0xfe, 0x15, 0x0, 0x54, 0x1, 0xff,
    0xc2, 0x60, 0x9, 0xc0, 0x3f, 0xf8, 0x42, 0xc0,
    0x13, 0x0, 0x7f, 0xf0, 0xa8, 0x2, 0xb0, 0xf,
    0xfe, 0x11, 0x98, 0x0, 0x48, 0x1, 0xff, 0xc2,
    0x90, 0xb, 0x80, 0x3f, 0xf8, 0x4a, 0x20, 0x5,
    0x10, 0xf, 0xfe, 0x13, 0x0, 0x52, 0x1, 0xff,
    0xc2, 0x90, 0x9, 0x80, 0x3f, 0xf8, 0x42, 0x80,
    0x1, 0x50, 0xf, 0xfe, 0x17, 0x80, 0x52, 0x1,
    0xff, 0xc2, 0x42, 0x0, 0x19, 0x80, 0x3f, 0xf8,
    0x54, 0x1, 0x48, 0x7, 0xff, 0x9, 0x80, 0x25,
    0x10, 0xf, 0xfe, 0x8, 0xb0, 0x4, 0xc0, 0x1f,
    0xfc, 0x2a, 0x0, 0xa4, 0x3, 0xff, 0x84, 0x66,
    0x0, 0xa, 0x80, 0x7f, 0xf0, 0xa4, 0x2, 0x90,
    0xf, 0xfe, 0x12, 0x88, 0x0, 0xcc, 0x1, 0xff,
    0xc2, 0x60, 0xa, 0x80, 0x3f, 0xf8, 0x52, 0x1,
    0x30, 0x80, 0x7f, 0xf0, 0x45, 0x40, 0x26, 0x0,
    0xff, 0xe1, 0x70, 0x5, 0x40, 0x1f, 0xfc, 0x24,
    0x20, 0x1, 0x20, 0x7, 0xff, 0xa, 0xc0, 0x2f,
    0x0, 0xff, 0xe1, 0x30, 0x4, 0x84, 0x1, 0xff,
    0xc2, 0x60, 0xa, 0xc0, 0x3f, 0xf8, 0x56, 0x1,
    0x30, 0x7, 0xff, 0x8, 0x8c, 0x2, 0x60, 0xf,
    0xfe, 0x14, 0x80, 0x56, 0x1, 0xff, 0xc2, 0x51,
    0x0, 0x12, 0x0, 0x7f, 0xf0, 0xa9, 0xde, 0x0,

    /* U+005D "]" */
    0x7f, 0xff, 0xf8, 0x3, 0xfe, 0x21, 0x0, 0xff,
    0x33, 0x3f, 0xfe, 0x0, 0x88, 0x3, 0xe2, 0x0,
    0xff, 0x98, 0x3, 0xfe, 0x10, 0xf, 0xf8, 0xc0,
    0x3f, 0xff, 0xe0, 0x1f, 0xff, 0xf0, 0xf, 0xff,
    0xf8, 0x7, 0xff, 0xc8, 0xc0, 0x3f, 0xe1, 0x0,
    0xff, 0x98, 0x3, 0xfe, 0x20, 0xc, 0xdf, 0xff,
    0x0, 0x44, 0x20, 0x1f, 0xe6, 0x0, 0xff, 0x88,

    /* U+005E "^" */
    0x0, 0xff, 0x9a, 0xf6, 0x0, 0x3f, 0xf9, 0x2f,
    0x28, 0x4e, 0xe0, 0xf, 0xfe, 0x3b, 0x40, 0x6,
    0x86, 0x0, 0xff, 0xe2, 0xb4, 0x80, 0x4, 0x40,
    0x9, 0x50, 0xf, 0xfe, 0x1a, 0xc8, 0x4, 0xce,
    0x1, 0x52, 0x80, 0x7f, 0xf0, 0x56, 0x80, 0x21,
    0x9b, 0x0, 0xd4, 0x80, 0x1f, 0xf2, 0x50, 0x4,
    0x58, 0x25, 0xa4, 0x1, 0x5a, 0x0, 0x7f, 0x25,
    0x80, 0x47, 0x84, 0x0, 0x2c, 0x30, 0xa, 0xcc,
    0x3, 0xe3, 0xb0, 0x9, 0x30, 0x40, 0x30, 0xe2,
    0x80, 0x5a, 0x60, 0x1c, 0x78, 0x1, 0x35, 0x80,
    0x7e, 0xa7, 0x0, 0xe, 0x90, 0x4, 0x7a, 0x1,
    0x44, 0x80, 0x7f, 0xa2, 0x80, 0x3, 0x84, 0x5,
    0xa2, 0x0, 0xa7, 0x0, 0xff, 0xe0, 0x2e, 0x8,
    0xf, 0x88,

    /* U+005F "_" */
    0x0, 0xff, 0xe5, 0x7f, 0xff, 0xf2, 0x80, 0x3f,
    0xfc, 0x0,

    /* U+0060 "`" */
    0x0, 0x9, 0x18, 0x7, 0x77, 0x37, 0xc, 0x3,
    0x68, 0x5, 0xe0, 0x18, 0xe0, 0x0, 0x68, 0x1,
    0x9d, 0x0, 0x12, 0x1, 0xd4, 0x40, 0x4c, 0x1,
    0x87, 0x80, 0x10, 0x0,

    /* U+0061 "a" */
    0x0, 0x85, 0x67, 0x3b, 0xfd, 0xd9, 0x4, 0x1,
    0xe9, 0xea, 0x63, 0x10, 0x0, 0x9b, 0xec, 0x80,
    0x76, 0x0, 0x7f, 0xcd, 0x20, 0x19, 0x50, 0xda,
    0x6f, 0x36, 0xd4, 0x2, 0x62, 0x0, 0xd7, 0x92,
    0xc8, 0x64, 0x94, 0xe0, 0x15, 0x0, 0x7f, 0xf0,
    0x64, 0x2, 0x40, 0xf, 0xfe, 0x8, 0x88, 0x0,
    0x40, 0x1f, 0xc4, 0x20, 0x11, 0x80, 0x4, 0x3,
    0x8e, 0xbb, 0xf7, 0xbf, 0x64, 0xc0, 0x3e, 0xac,
    0x51, 0x0, 0xc4, 0xc2, 0x1, 0xec, 0x50, 0xf,
    0xfe, 0x1c, 0x98, 0x0, 0x63, 0x3b, 0xfd, 0xb8,
    0x40, 0x18, 0x58, 0x0, 0x3e, 0xe6, 0x20, 0x2,
    0x31, 0x0, 0xce, 0x1, 0x48, 0x80, 0x7f, 0xf0,
    0x38, 0x2, 0x40, 0xf, 0xfe, 0x2b, 0x80, 0x7f,
    0xf0, 0x78, 0x2, 0xc0, 0xf, 0x8c, 0x80, 0x32,
    0x0, 0x4e, 0x40, 0x1c, 0xf8, 0x20, 0x18, 0x90,
    0x2, 0xd7, 0x33, 0x3e, 0xc0, 0x8, 0x7, 0x50,
    0x80, 0x51, 0x98, 0x82, 0xa, 0x20, 0x8, 0x80,
    0x70, 0xc0, 0x3e, 0x85, 0x0, 0xc2, 0x0, 0x2c,
    0xb5, 0x20, 0x15, 0xc7, 0x0, 0xe6,

    /* U+0062 "b" */
    0x39, 0xac, 0xa0, 0xf, 0xfe, 0x13, 0xb2, 0x9b,
    0x0, 0x7f, 0xf0, 0x98, 0x3, 0xff, 0x8c, 0x60,
    0x1f, 0xfc, 0x61, 0x0, 0xff, 0xff, 0x80, 0x7f,
    0xf8, 0x56, 0xbb, 0xfb, 0x1c, 0x40, 0x3f, 0x87,
    0x69, 0x44, 0x4, 0xe3, 0x98, 0x3, 0xe1, 0xc2,
    0x0, 0xfd, 0x2e, 0x1, 0xe2, 0x20, 0x1c, 0x5e,
    0xda, 0x80, 0x50, 0x60, 0x1e, 0x3c, 0xc3, 0xa1,
    0x25, 0x48, 0x5, 0xe0, 0x1c, 0x58, 0x60, 0x1e,
    0x64, 0x0, 0x19, 0x80, 0x30, 0x80, 0x7f, 0x78,
    0x5, 0x60, 0x1f, 0xfc, 0x24, 0x0, 0x90, 0x3,
    0xff, 0x86, 0x20, 0x2, 0x0, 0xff, 0xe1, 0x98,
    0x0, 0x40, 0x3f, 0xfa, 0xc6, 0x0, 0x10, 0xf,
    0xfe, 0x18, 0x80, 0xc, 0x3, 0xff, 0x84, 0x60,
    0x12, 0x0, 0x7f, 0xf0, 0x90, 0x2, 0xc0, 0xf,
    0xfe, 0x15, 0x0, 0x48, 0x1, 0xff, 0xc1, 0x72,
    0x0, 0x30, 0x80, 0x7f, 0xf0, 0x16, 0x0, 0x3,
    0x0, 0x1c, 0x50, 0x86, 0x72, 0xdd, 0x0, 0x54,
    0x20, 0x1c, 0x2f, 0x79, 0x95, 0x20, 0x5, 0x48,
    0x1, 0xff, 0xc3, 0x3c, 0x50, 0xd, 0xb2, 0xc8,
    0x42, 0x1, 0x12, 0xde, 0x18, 0x6,

    /* U+0063 "c" */
    0x0, 0xe1, 0x6b, 0xdf, 0xf7, 0x52, 0x80, 0x7c,
    0xfd, 0x28, 0x40, 0x1, 0x5a, 0xd2, 0x0, 0xd7,
    0x0, 0x1f, 0xc5, 0xe0, 0x15, 0xa0, 0x4, 0xb5,
    0x98, 0xa4, 0x0, 0x70, 0x1, 0x90, 0x2, 0xba,
    0x53, 0x32, 0xdd, 0xc6, 0x0, 0x80, 0xa, 0xd0,
    0x3, 0xc8, 0x80, 0x2, 0x88, 0x1, 0x10, 0x1,
    0xff, 0x60, 0x5, 0xc0, 0x1f, 0xfc, 0x4, 0x0,
    0x90, 0x3, 0xff, 0x80, 0x60, 0x10, 0x80, 0x7f,
    0xf0, 0x4, 0x0, 0x20, 0x1f, 0xfc, 0x11, 0x0,
    0x8, 0x7, 0xff, 0x4, 0xc0, 0x3f, 0xf8, 0x8e,
    0x1, 0x10, 0x7, 0xff, 0x3, 0x0, 0x24, 0x0,
    0xff, 0xe0, 0x38, 0x5, 0x60, 0x1f, 0xfc, 0x1,
    0x50, 0x1, 0x38, 0x7, 0xff, 0x2, 0x0, 0x28,
    0x70, 0xf, 0x88, 0x2, 0x28, 0x0, 0xa3, 0x61,
    0x95, 0xa7, 0xb4, 0x40, 0x27, 0x70, 0x4, 0x4f,
    0x35, 0x2c, 0x21, 0x20, 0x1a, 0x2c, 0x40, 0x3f,
    0x84, 0x3, 0x93, 0xa9, 0x8, 0x0, 0x29, 0x1b,
    0x20,

    /* U+0064 "d" */
    0x0, 0xff, 0xe1, 0x10, 0x80, 0x7f, 0xf1, 0x7b,
    0x9f, 0xc0, 0x1f, 0xfc, 0x61, 0x0, 0xff, 0xff,
    0x80, 0x7f, 0xff, 0xc0, 0x3f, 0x85, 0xaf, 0x7f,
    0xf1, 0x80, 0x7f, 0x47, 0x4a, 0x10, 0x7, 0xff,
    0x0, 0x75, 0xc0, 0x3f, 0xf8, 0x63, 0xe4, 0x1,
    0x2d, 0x66, 0xec, 0x40, 0x1e, 0xa1, 0x0, 0x1e,
    0xd2, 0x99, 0x14, 0x20, 0x1c, 0xa8, 0x0, 0x2d,
    0x20, 0xf, 0xfe, 0x4, 0x0, 0x5c, 0x20, 0x1f,
    0xfc, 0x2, 0x20, 0x1, 0xc, 0x3, 0xff, 0x82,
    0xa0, 0x16, 0x80, 0x7f, 0xf0, 0xb4, 0x2, 0x50,
    0xf, 0xfe, 0x10, 0x80, 0x44, 0x1, 0xff, 0xc2,
    0x70, 0x8, 0x40, 0x3f, 0xf8, 0x4e, 0x1, 0xff,
    0xc6, 0x20, 0x8, 0x80, 0x3f, 0xf8, 0x5e, 0x1,
    0x38, 0x7, 0xff, 0x9, 0x0, 0x2f, 0x0, 0xfe,
    0x10, 0xc, 0x44, 0x0, 0x29, 0x0, 0x7d, 0x24,
    0x1, 0xd6, 0x1, 0x78, 0x80, 0x75, 0x30, 0x7,
    0x98, 0xc0, 0x5, 0xec, 0x66, 0x7e, 0x50, 0x10,
    0xf, 0x70, 0x80, 0x6, 0x73, 0x10, 0x21, 0x44,
    0x1, 0x10, 0x0, 0xb0, 0x80, 0x3e, 0x85, 0x0,
    0xc2, 0x1, 0x16, 0xc9, 0x80, 0x9, 0xb5, 0xc0,
    0x39, 0x80,

    /* U+0065 "e" */
    0x0, 0xe2, 0x8c, 0xef, 0xec, 0x82, 0x0, 0xfd,
    0x3a, 0xe6, 0x20, 0x26, 0xfb, 0x0, 0x1e, 0xc6,
    0x0, 0xfe, 0x7a, 0x0, 0xd4, 0x60, 0x13, 0xde,
    0xe4, 0x0, 0x4a, 0xa0, 0x2, 0x28, 0x0, 0xba,
    0x10, 0x8d, 0xf4, 0x2, 0xb0, 0x4, 0x80, 0x5e,
    0x20, 0x1c, 0x50, 0x0, 0x14, 0x32, 0x0, 0x31,
    0x0, 0x7c, 0xa0, 0x16, 0x58, 0x5, 0x60, 0x1f,
    0x88, 0x2, 0x24, 0x0, 0x29, 0x0, 0x7f, 0xf0,
    0x4, 0x40, 0x15, 0x6f, 0xff, 0xe0, 0x9, 0xc8,
    0x0, 0xaa, 0x20, 0xf, 0xf9, 0xc0, 0x3f, 0xf8,
    0xa2, 0x20, 0x1, 0x7f, 0xff, 0xf0, 0x68, 0x80,
    0x6, 0x1, 0xff, 0xc2, 0x50, 0x0, 0x90, 0x7,
    0xff, 0x7, 0x0, 0x2b, 0x0, 0xff, 0xe0, 0xa8,
    0x80, 0x18, 0x80, 0x3f, 0xf8, 0x32, 0x1, 0x79,
    0x0, 0x7c, 0xac, 0x1, 0x39, 0x80, 0xb, 0x61,
    0x8, 0x89, 0x1b, 0x53, 0x0, 0x16, 0x98, 0x4,
    0xf7, 0xba, 0xb7, 0x20, 0x2, 0x8, 0x0, 0x71,
    0xc0, 0x3f, 0xcf, 0x82, 0x1, 0xa3, 0x60, 0xc8,
    0x0, 0x49, 0x1b, 0x0, 0x0,

    /* U+0066 "f" */
    0x0, 0xf3, 0xe7, 0x7f, 0x63, 0x88, 0x7, 0x17,
    0x41, 0x88, 0x9, 0xc7, 0x28, 0x6, 0xf1, 0x0,
    0xfc, 0xc0, 0x13, 0x10, 0x4, 0xf7, 0xb4, 0x92,
    0x60, 0x16, 0x80, 0x55, 0x8, 0x4b, 0x6c, 0x1,
    0x94, 0x0, 0x2a, 0x1, 0xfe, 0x10, 0x2, 0x80,
    0x7f, 0xfa, 0x7f, 0xe0, 0x9, 0x3f, 0xf9, 0x80,
    0x3f, 0xf8, 0x44, 0x1, 0xff, 0xc2, 0x60, 0x6,
    0xec, 0x1, 0x16, 0xef, 0x10, 0x0, 0x8a, 0x0,
    0x84, 0x8b, 0x80, 0x3f, 0xff, 0xe0, 0x1f, 0xff,
    0xf0, 0xf, 0xff, 0xf8, 0x7, 0xff, 0x54,

    /* U+0067 "g" */
    0x0, 0xff, 0xe5, 0x93, 0xe7, 0x7f, 0xb5, 0x43,
    0x3b, 0x6c, 0x3, 0x46, 0xc1, 0x88, 0x0, 0xa8,
    0x80, 0x49, 0x0, 0x2c, 0x70, 0xf, 0xdc, 0x1,
    0xeb, 0x30, 0x9, 0xf3, 0x6d, 0x80, 0xcc, 0x1,
    0x99, 0x0, 0x5, 0xd0, 0x64, 0x93, 0xa6, 0x1,
    0xd6, 0x1, 0x78, 0x80, 0x71, 0x60, 0x80, 0x48,
    0x40, 0x6, 0x20, 0xf, 0xc4, 0x1, 0x60, 0x5,
    0xa0, 0x1f, 0xfc, 0x14, 0x0, 0x90, 0x3, 0xff,
    0x82, 0x40, 0x1, 0x0, 0xff, 0xe1, 0x8, 0x0,
    0xc0, 0x3f, 0xf8, 0xa2, 0x1, 0xff, 0xc2, 0x10,
    0x0, 0x80, 0x7f, 0xf0, 0x88, 0x0, 0x40, 0x1f,
    0xfc, 0x24, 0x0, 0x8c, 0x3, 0xff, 0x83, 0x80,
    0x15, 0x0, 0x7f, 0xf0, 0x50, 0x80, 0xc, 0x20,
    0x1f, 0x9, 0x0, 0x68, 0x0, 0xb4, 0x40, 0x38,
    0xf0, 0x40, 0x32, 0xa0, 0x0, 0xfd, 0xcc, 0xcb,
    0x58, 0x40, 0x1e, 0xb3, 0x0, 0xc, 0x66, 0x29,
    0x40, 0xc8, 0x3, 0xda, 0xa0, 0x1f, 0xe, 0x88,
    0x7, 0x86, 0xad, 0x48, 0x0, 0x4d, 0x82, 0x1,
    0xfc, 0x95, 0xbf, 0xed, 0x92, 0x1, 0x0, 0xff,
    0xe2, 0x98, 0x0, 0x40, 0x3f, 0xf8, 0x24, 0x20,
    0x3, 0x0, 0xff, 0xe0, 0xd8, 0x4, 0x80, 0x1f,
    0xfc, 0x3, 0x60, 0xa, 0x80, 0x26, 0x40, 0xf,
    0x1e, 0x80, 0x48, 0x60, 0x5, 0x9b, 0xc6, 0x32,
    0x4a, 0xc1, 0x0, 0xc, 0x80, 0x56, 0x0, 0x39,
    0xcd, 0xb5, 0x0, 0x87, 0x48, 0x2, 0xf3, 0x0,
    0xfe, 0x5f, 0x30, 0xc, 0x39, 0x86, 0x20, 0x0,
    0x9b, 0xed, 0x8, 0x4,

    /* U+0068 "h" */
    0x39, 0xac, 0xa0, 0xf, 0xfe, 0x3, 0xb2, 0x9b,
    0x0, 0x7f, 0xf0, 0x1c, 0x3, 0xff, 0x88, 0x40,
    0x1f, 0xfc, 0x41, 0x0, 0xff, 0xff, 0x80, 0x7f,
    0xf5, 0x5a, 0xfb, 0xfb, 0x1c, 0x3, 0xfb, 0x25,
    0x4, 0x4, 0xe3, 0x44, 0x3, 0xd2, 0x60, 0x1f,
    0x15, 0x0, 0x71, 0xb0, 0x2d, 0x66, 0x18, 0x2,
    0x44, 0x0, 0x71, 0x6d, 0x29, 0x9a, 0x58, 0x2,
    0xd0, 0xc, 0x38, 0x40, 0x1d, 0x60, 0x12, 0x0,
    0x62, 0x10, 0xf, 0x10, 0x80, 0xc, 0x3, 0xff,
    0x82, 0x60, 0x1, 0x0, 0xff, 0xe0, 0x88, 0x7,
    0xff, 0xfc, 0x3, 0xff, 0xfe, 0x1, 0xff, 0xfe,

    /* U+0069 "i" */
    0x2f, 0xfb, 0x80, 0x3f, 0xc6, 0x1, 0x18, 0xff,
    0xda, 0x1, 0xff, 0xc4, 0x34, 0x66, 0x6, 0x5c,
    0xd0, 0x7, 0xff, 0xfc, 0x3, 0xff, 0x9a,

    /* U+006A "j" */
    0x0, 0xe2, 0xff, 0xb8, 0x3, 0xff, 0x9a, 0x60,
    0x11, 0x80, 0x70, 0xff, 0xda, 0x1, 0xff, 0xd8,
    0x35, 0x77, 0x0, 0x7b, 0x2a, 0x2c, 0x3, 0xff,
    0xfe, 0x1, 0xff, 0xff, 0x0, 0xff, 0xff, 0x80,
    0x67, 0x0, 0xe1, 0x0, 0x84, 0x3, 0x90, 0x2,
    0x30, 0xe, 0xf0, 0xb, 0xc0, 0x8c, 0x9d, 0x40,
    0x24, 0x8, 0xcd, 0x80, 0x9, 0x48, 0x14, 0x3,
    0x8a, 0xc0, 0x50, 0x40, 0x4e, 0x34, 0x40,

    /* U+006B "k" */
    0x0, 0x84, 0x80, 0x3f, 0xf8, 0x49, 0xdf, 0xdc,
    0x0, 0xff, 0xe1, 0x88, 0x7, 0xff, 0x15, 0x80,
    0x3f, 0xf8, 0xc4, 0x1, 0xff, 0xff, 0x0, 0xff,
    0xfc, 0x27, 0xfe, 0x50, 0xf, 0xfe, 0x1, 0xd8,
    0x5, 0x2a, 0x1, 0xff, 0x16, 0x80, 0x4e, 0xc0,
    0x1f, 0xf0, 0xf8, 0x80, 0x1a, 0x0, 0x3f, 0xf8,
    0x1a, 0x40, 0x4, 0x90, 0xf, 0xfe, 0x5, 0x98,
    0x0, 0xec, 0x3, 0xff, 0x81, 0x48, 0x0, 0x2d,
    0x0, 0xff, 0xe0, 0x4a, 0x80, 0x7, 0x4, 0x3,
    0xfe, 0x36, 0x1, 0x7f, 0x10, 0xf, 0xfe, 0x12,
    0xf4, 0x8, 0x7, 0xff, 0xd, 0x7e, 0x8c, 0x3,
    0xff, 0x82, 0x6a, 0x0, 0x5d, 0x20, 0xf, 0xfe,
    0xd, 0x18, 0x0, 0x7c, 0x40, 0x3f, 0xf8, 0x3a,
    0x40, 0x2, 0xd0, 0xf, 0xfe, 0x8, 0xf8, 0x4,
    0x74, 0x1, 0xff, 0xc1, 0x2b, 0x0, 0x95, 0xc0,
    0x3f, 0xf8, 0x29, 0x20, 0x14, 0x28, 0x7, 0xff,
    0x5, 0x9c, 0x2, 0xa3, 0x0, 0xff, 0xe0, 0xc2,
    0x0, 0x5a, 0x20, 0x1f, 0xfc, 0x1b, 0x30, 0x0,
    0xe0, 0x7, 0xff, 0xb, 0x44, 0x0, 0x56, 0x1,
    0xff, 0xc1, 0x1d, 0x0, 0x92, 0x40,

    /* U+006C "l" */
    0x0, 0x84, 0x80, 0x3c, 0x9d, 0xfd, 0xc0, 0xf,
    0x84, 0x3, 0xf9, 0x80, 0x3f, 0xc6, 0x1, 0xfe,
    0x10, 0xf, 0xff, 0xf8, 0x7, 0xff, 0xfc, 0x3,
    0xff, 0xfe, 0x1, 0xe1, 0x0, 0x8, 0x7, 0xc6,
    0x0, 0x20, 0xf, 0x9c, 0x2, 0x30, 0xf, 0x60,
    0x5, 0xc8, 0x4a, 0x20, 0x6, 0x10, 0x1, 0x5e,
    0xd5, 0x80, 0x54, 0x1, 0xe5, 0x30, 0x2, 0x6a,
    0x88, 0x9, 0xc9, 0x80,

    /* U+006D "m" */
    0x0, 0xff, 0xe8, 0x5e, 0xf6, 0x0, 0x12, 0x77,
    0xfd, 0xd2, 0x40, 0x18, 0xe7, 0x7f, 0xdb, 0x2,
    0x0, 0x42, 0x10, 0x1d, 0xb6, 0x20, 0x0, 0xb6,
    0xa0, 0x2, 0xb1, 0x88, 0x0, 0x4f, 0xe4, 0x1,
    0xd0, 0x40, 0x1f, 0xac, 0x5d, 0x40, 0x3e, 0x1e,
    0x0, 0xc4, 0xc0, 0x93, 0x98, 0x80, 0xd, 0x70,
    0x7, 0x39, 0x87, 0x0, 0x8c, 0xc0, 0x10, 0x96,
    0x5b, 0x19, 0x9e, 0x40, 0x25, 0x1a, 0xc6, 0x33,
    0x43, 0x80, 0x56, 0x1, 0x16, 0x98, 0x7, 0x30,
    0x6, 0xf5, 0x0, 0xea, 0x0, 0x88, 0x2, 0x10,
    0xf, 0xc4, 0x1, 0x8, 0x7, 0x88, 0x2, 0x60,
    0xf, 0xfe, 0x0, 0x80, 0x7f, 0xff, 0xc0, 0x3f,
    0xff, 0xe0, 0x1f, 0xff, 0xf0, 0xf, 0xff, 0xf8,
    0x7, 0xff, 0xfc, 0x3, 0xff, 0xa8,

    /* U+006E "n" */
    0x0, 0xff, 0xe2, 0x5e, 0xf6, 0x0, 0x12, 0x73,
    0xbf, 0xa8, 0x80, 0x8, 0x42, 0x3, 0x96, 0xc6,
    0x20, 0x2b, 0xaa, 0x1, 0xd0, 0x60, 0x1f, 0xa8,
    0x40, 0x22, 0x60, 0x39, 0xcc, 0x48, 0x80, 0x4c,
    0x1, 0x9, 0x5e, 0x31, 0x99, 0xa8, 0x2, 0xc0,
    0x8, 0xb5, 0x0, 0x39, 0x0, 0x25, 0x0, 0x84,
    0x3, 0xf1, 0x0, 0x4, 0x3, 0xff, 0x80, 0x20,
    0x1f, 0xff, 0xf0, 0xf, 0xff, 0xf8, 0x7, 0xff,
    0xfc, 0x0,

    /* U+006F "o" */
    0x0, 0xf3, 0x5e, 0xff, 0xb6, 0x94, 0x3, 0xfc,
    0xdd, 0x28, 0x40, 0x2, 0x5a, 0xd5, 0x0, 0xfa,
    0x64, 0x20, 0x1f, 0x8a, 0x9c, 0x3, 0xa5, 0x80,
    0x27, 0xce, 0xe5, 0xa8, 0x5, 0xe, 0x1, 0x23,
    0x0, 0x7, 0x60, 0xc4, 0x49, 0x54, 0x0, 0xa0,
    0xc0, 0x10, 0x1, 0x69, 0x0, 0x79, 0x60, 0x2,
    0x80, 0x33, 0x0, 0x14, 0xc0, 0x3f, 0x39, 0x0,
    0x10, 0xec, 0x2, 0x90, 0xf, 0xf5, 0x0, 0x48,
    0x80, 0x8, 0xc0, 0x3f, 0xca, 0x1, 0x59, 0x0,
    0x8, 0x3, 0xfe, 0x20, 0x8, 0x84, 0x0, 0x20,
    0x1f, 0xfc, 0x2, 0x0, 0x8, 0x4, 0x20, 0x1f,
    0xfc, 0x41, 0x0, 0x10, 0x7, 0xff, 0xc, 0x54,
    0x2, 0x10, 0xf, 0xf8, 0x80, 0xb, 0x80, 0x13,
    0x80, 0x7f, 0x90, 0x2, 0xc4, 0x0, 0xa8, 0x3,
    0xfd, 0xc0, 0x12, 0x1a, 0x0, 0xd, 0x80, 0x3f,
    0x1a, 0x80, 0xc, 0xc1, 0x0, 0x14, 0xa0, 0x7,
    0x8f, 0x40, 0x2f, 0x0, 0x1c, 0x0, 0x57, 0x48,
    0x22, 0x39, 0xc1, 0x0, 0x39, 0x80, 0x4e, 0xe0,
    0x9, 0x6f, 0xb9, 0x8c, 0x1, 0x34, 0x0, 0x74,
    0x50, 0x80, 0x7e, 0x1a, 0x90, 0xf, 0x97, 0xa9,
    0x48, 0x0, 0x4b, 0x5c, 0xa0, 0x18,

    /* U+0070 "p" */
    0x0, 0xff, 0xe3, 0x5e, 0xf6, 0x0, 0x1a, 0xfb,
    0xfd, 0x8e, 0x20, 0x19, 0x8, 0x40, 0x17, 0x28,
    0x20, 0x3, 0x8f, 0x40, 0xf, 0xa1, 0x0, 0x3e,
    0x1b, 0x30, 0xe, 0x37, 0x2, 0x8b, 0xca, 0x30,
    0xb, 0x44, 0x3, 0x86, 0xb5, 0xd0, 0xd7, 0x18,
    0x0, 0x30, 0x1, 0x87, 0x14, 0x3, 0xd2, 0x20,
    0x6, 0x0, 0xc4, 0x40, 0xf, 0xd2, 0x1, 0x28,
    0x7, 0xff, 0x5, 0x40, 0x2c, 0x0, 0xff, 0xe0,
    0x90, 0x4, 0x80, 0x1f, 0xfc, 0x22, 0x0, 0x18,
    0x7, 0xff, 0x8, 0x40, 0x2, 0x1, 0xff, 0xc2,
    0x10, 0xf, 0xfe, 0x29, 0x80, 0x8, 0x3, 0xff,
    0x82, 0x42, 0x0, 0x60, 0xf, 0xfe, 0xa, 0x0,
    0x5a, 0x1, 0xff, 0xc1, 0xb0, 0x9, 0x0, 0x3f,
    0xf8, 0x10, 0x40, 0x6, 0x20, 0xf, 0xfa, 0x1c,
    0x0, 0x30, 0x1, 0x84, 0x8a, 0x34, 0x8d, 0x70,
    0xb, 0x44, 0x3, 0x16, 0xed, 0x96, 0xe4, 0x0,
    0x1c, 0x30, 0xf, 0xfe, 0x13, 0x79, 0x80, 0x7f,
    0x84, 0x92, 0x7a, 0x44, 0x3, 0xe3, 0xff, 0xbb,
    0x6d, 0x84, 0x3, 0xff, 0xfe, 0x1, 0xff, 0xff,
    0x0, 0xff, 0xe3, 0x0,

    /* U+0071 "q" */
    0x0, 0xf2, 0xd6, 0xff, 0xbb, 0x99, 0x50, 0xa2,
    0x1, 0x97, 0xa9, 0x48, 0x0, 0x22, 0x35, 0x7a,
    0xe0, 0xa, 0x28, 0x40, 0x3f, 0xf8, 0x50, 0xe0,
    0x12, 0x56, 0x65, 0x70, 0x20, 0x18, 0xdc, 0x2,
    0xbb, 0x29, 0x9c, 0x8e, 0x40, 0x1a, 0x0, 0x2a,
    0x40, 0xf, 0xf8, 0x90, 0x0, 0x6a, 0x1, 0xff,
    0xc0, 0x50, 0xa, 0x80, 0x3f, 0xf8, 0x38, 0x1,
    0x20, 0x7, 0xff, 0x5, 0x80, 0x23, 0x0, 0xff,
    0xe0, 0x98, 0x4, 0x20, 0x1f, 0xfc, 0x11, 0x0,
    0x8, 0x7, 0xff, 0x8, 0x40, 0x2, 0x1, 0xff,
    0xc2, 0x30, 0xf, 0xfe, 0x2b, 0x0, 0x46, 0x1,
    0xff, 0xc1, 0xc0, 0xa, 0xc0, 0x3f, 0xf8, 0x2c,
    0x1, 0x30, 0x7, 0xe2, 0x20, 0x4, 0x2a, 0x0,
    0x1a, 0x0, 0xf3, 0xe8, 0x80, 0x6b, 0x0, 0x96,
    0xd0, 0x92, 0x3a, 0x0, 0x3c, 0x36, 0x1, 0x25,
    0xed, 0xb8, 0x82, 0x90, 0x7, 0x25, 0x88, 0x7,
    0xcb, 0x42, 0x1, 0xe4, 0xf8, 0x31, 0x2, 0x5a,
    0xa0, 0x7, 0xf0, 0xbe, 0x77, 0xed, 0x28, 0x7,
    0xff, 0xfc, 0x3, 0xff, 0xfe, 0x1, 0xff, 0xc6,

    /* U+0072 "r" */
    0x0, 0xff, 0xe0, 0x5e, 0xf6, 0x0, 0x1a, 0xfb,
    0xfa, 0xd0, 0x84, 0x1, 0x12, 0x82, 0x2, 0xa0,
    0x18, 0x9c, 0x3, 0x8c, 0x3, 0x48, 0x0, 0xa2,
    0xa5, 0x40, 0x23, 0x40, 0x9d, 0x75, 0x68, 0x0,
    0xeb, 0x60, 0xf, 0xe9, 0x40, 0xf, 0xe2, 0x60,
    0xf, 0xf0, 0x80, 0x7f, 0xff, 0xc0, 0x3f, 0xff,
    0xe0, 0x1f, 0xfc, 0x20,

    /* U+0073 "s" */
    0x0, 0x85, 0xef, 0xbf, 0xdd, 0x6e, 0x20, 0x1c,
    0xdd, 0x8, 0x20, 0x1, 0x48, 0xe2, 0x0, 0x96,
    0x40, 0x3f, 0x88, 0x80, 0x14, 0x0, 0x53, 0xdf,
    0xee, 0xb6, 0x80, 0x8, 0x48, 0x0, 0xec, 0x20,
    0x1, 0x49, 0x50, 0x8, 0xc0, 0x2d, 0x0, 0xff,
    0x8c, 0x2, 0xe0, 0xf, 0xf8, 0x50, 0x0, 0x98,
    0x80, 0x1f, 0xea, 0x10, 0x1, 0xde, 0xb8, 0x80,
    0x7c, 0x38, 0x60, 0x11, 0x47, 0x51, 0x0, 0x78,
    0xb2, 0x44, 0x3, 0x2e, 0xb8, 0x7, 0xcd, 0xd4,
    0x60, 0x1a, 0x28, 0x3, 0xf2, 0xe6, 0x10, 0x2,
    0x55, 0x0, 0x7f, 0x1d, 0xb8, 0x5, 0x0, 0x1f,
    0xf4, 0x18, 0x0, 0x80, 0x3f, 0xf8, 0xa, 0x1,
    0xff, 0xc3, 0x50, 0x0, 0x80, 0x4, 0x3, 0xf2,
    0x98, 0x1, 0x0, 0x1b, 0xd4, 0xc6, 0x46, 0xb7,
    0x40, 0x14, 0x82, 0x18, 0xac, 0xe6, 0xe5, 0x20,
    0x5, 0x6, 0x2, 0x20, 0xf, 0xe1, 0x97, 0x0,
    0x2f, 0x5b, 0x18, 0x80, 0x9, 0x67, 0xd8, 0x2,

    /* U+0074 "t" */
    0x0, 0xf0, 0x80, 0x7f, 0xc3, 0x34, 0x1, 0xfe,
    0x6f, 0x60, 0xf, 0xfa, 0x44, 0x3, 0xff, 0xcf,
    0xff, 0x0, 0x49, 0xff, 0xe6, 0x0, 0xff, 0xe0,
    0x90, 0x7, 0xff, 0x5, 0xb7, 0x60, 0x8, 0xb7,
    0x7c, 0x45, 0x80, 0x21, 0x22, 0xf0, 0x7, 0xff,
    0xfc, 0x3, 0xff, 0xf2, 0x20, 0x1, 0x0, 0xff,
    0x18, 0x0, 0x80, 0x3f, 0xce, 0x1, 0x18, 0x7,
    0xf6, 0x0, 0x5c, 0x84, 0xa2, 0x1, 0xcc, 0x20,
    0x2, 0xbd, 0xab, 0x0, 0xf5, 0x0, 0x79, 0x4c,
    0x3, 0x93, 0x54, 0x40, 0x4e, 0x4c, 0x0,

    /* U+0075 "u" */
    0x2, 0x34, 0x0, 0xfe, 0x13, 0x5f, 0xdc, 0x80,
    0xf, 0xd9, 0xd9, 0x40, 0x1f, 0xff, 0xf0, 0xf,
    0xff, 0xf8, 0x7, 0xff, 0xc4, 0x40, 0x3f, 0xf8,
    0x2, 0x0, 0x30, 0xf, 0xfe, 0x1, 0x0, 0x4,
    0x80, 0x3e, 0x10, 0x9, 0x40, 0x2b, 0x0, 0xe3,
    0xd2, 0x0, 0xb4, 0x2, 0x69, 0x32, 0x5a, 0xc2,
    0x10, 0x9, 0x10, 0x1, 0x36, 0x6d, 0x28, 0x31,
    0x0, 0x6a, 0x20, 0xf, 0x8a, 0x0, 0x38, 0x76,
    0xc, 0x0, 0x2b, 0x5a, 0x20, 0x18,

    /* U+0076 "v" */
    0x0, 0xff, 0xe4, 0x2e, 0x6f, 0xa0, 0x7, 0xf9,
    0x6f, 0x78, 0x18, 0xc8, 0x34, 0x3, 0xfd, 0x28,
    0x4e, 0x6, 0x40, 0x7, 0x0, 0xfe, 0x13, 0x0,
    0x68, 0x1, 0x40, 0x2, 0x60, 0x1f, 0x98, 0x0,
    0x28, 0x0, 0xb0, 0xa, 0x80, 0x3f, 0x58, 0x1,
    0xc0, 0x23, 0x10, 0x3, 0x80, 0x7c, 0x26, 0x0,
    0xd0, 0xc, 0xc0, 0x1, 0x30, 0xf, 0x30, 0x0,
    0x50, 0x3, 0x58, 0x5, 0x60, 0x1e, 0xb0, 0x3,
    0x80, 0x71, 0x88, 0x1, 0x80, 0x38, 0x4c, 0x1,
    0xa0, 0x1e, 0x70, 0x0, 0x98, 0x6, 0x70, 0x0,
    0xa0, 0x7, 0xa8, 0x2, 0xb0, 0xd, 0x40, 0x7,
    0x0, 0xf8, 0xc4, 0x0, 0xa0, 0x10, 0x98, 0x3,
    0x40, 0x3f, 0x38, 0x0, 0x8c, 0x0, 0xe0, 0x1,
    0x40, 0xf, 0xd4, 0x1, 0x58, 0x2, 0x80, 0xe,
    0x1, 0xfc, 0x62, 0x0, 0x50, 0x13, 0x0, 0x68,
    0x7, 0xf9, 0xc0, 0x4, 0x2a, 0x1, 0x20, 0x7,
    0xfb, 0x40, 0x24, 0xc0, 0x2, 0x80, 0x7f, 0xc8,
    0x20, 0xd, 0x30, 0x7, 0x0, 0x7f, 0xf0, 0x1c,
    0x0, 0x88, 0x0, 0x20, 0x7, 0xff, 0x3, 0x40,
    0x6, 0x0, 0x50, 0xf, 0xfe, 0xa, 0x8, 0x6,
    0xe0, 0xf, 0xfe, 0x13, 0x80, 0x64, 0x0, 0xff,
    0xe1, 0x4f, 0x6d, 0xd8, 0x3, 0xf0,

    /* U+0077 "w" */
    0x1, 0x35, 0x0, 0xff, 0xe4, 0x92, 0x2, 0xf6,
    0x51, 0x0, 0x7d, 0x3f, 0xea, 0x0, 0xf8, 0xbf,
    0x6c, 0x10, 0x2, 0x50, 0xf, 0x90, 0x0, 0x80,
    0x1f, 0x20, 0x1, 0x0, 0x48, 0x1, 0x80, 0x1e,
    0x22, 0x0, 0x4, 0xc0, 0x3d, 0xa0, 0xc, 0x0,
    0x28, 0x1, 0x0, 0x3c, 0x80, 0x19, 0x0, 0x3c,
    0x80, 0x5, 0x0, 0x60, 0x4, 0x80, 0x1d, 0xa0,
    0x40, 0xc, 0x0, 0xe3, 0x0, 0x9, 0x0, 0x10,
    0x2, 0xc0, 0xe, 0x40, 0x40, 0x2, 0x0, 0x75,
    0x80, 0x1c, 0x3, 0x20, 0x1, 0x40, 0x32, 0x0,
    0x38, 0x80, 0x8, 0x1, 0x90, 0x1, 0x80, 0x1b,
    0x40, 0x4, 0x20, 0x16, 0x0, 0x9, 0x80, 0x1a,
    0x1, 0x9, 0x80, 0x10, 0x3, 0x20, 0x4, 0xe0,
    0x12, 0x0, 0x1c, 0xc0, 0x8, 0x1, 0x20, 0x0,
    0xc4, 0x3, 0x10, 0x80, 0x30, 0x0, 0x26, 0x0,
    0x2e, 0x0, 0x11, 0x0, 0x1e, 0x0, 0x40, 0xf,
    0x38, 0x1, 0x0, 0x8, 0x0, 0x30, 0x40, 0x9,
    0x0, 0x8, 0x0, 0xb0, 0xf, 0x60, 0x0, 0x4c,
    0x3c, 0x1, 0x60, 0x42, 0x0, 0xd0, 0x21, 0x0,
    0x18, 0x7, 0x90, 0x2, 0x40, 0x40, 0x2, 0x0,
    0x1c, 0x0, 0x80, 0x80, 0x5, 0x0, 0xf8, 0x4c,
    0x1, 0xc0, 0x20, 0x26, 0x0, 0xc0, 0x8, 0x7c,
    0x1, 0x80, 0x1f, 0x90, 0x0, 0xa4, 0x0, 0x40,
    0x9, 0x0, 0x25, 0x20, 0x2, 0x0, 0x7e, 0xb0,
    0x1, 0x38, 0x3, 0x0, 0x21, 0x30, 0x1, 0x30,
    0x11, 0x0, 0x3f, 0x18, 0x0, 0x74, 0x0, 0xe0,
    0x19, 0x0, 0x1e, 0x40, 0x80, 0x1f, 0xe5, 0x0,
    0x28, 0x10, 0x80, 0x6b, 0x0, 0x20, 0x3, 0x40,
    0x3f, 0xd8, 0x0, 0x20, 0x50, 0xe, 0x31, 0x2,
    0x0, 0x20, 0x7, 0xf9, 0x0, 0x36, 0x0, 0x79,
    0x0, 0x23, 0x0, 0xff, 0x88, 0x80, 0x12, 0x0,
    0x7b, 0x0, 0x2b, 0x0, 0xff, 0xe0, 0x20, 0x1,
    0x0, 0x3e, 0x70, 0x9, 0x0, 0x3c,

    /* U+0078 "x" */
    0x1, 0xbc, 0xee, 0x10, 0x7, 0xf3, 0x5e, 0x73,
    0x0, 0x4, 0x8c, 0x45, 0xe0, 0x1f, 0x92, 0x50,
    0xd5, 0x80, 0x29, 0x20, 0x1, 0x48, 0x7, 0x86,
    0x80, 0x3, 0x40, 0x1d, 0xc0, 0x13, 0x20, 0x7,
    0x50, 0x80, 0x28, 0x40, 0x38, 0xe0, 0x2, 0xa1,
    0x0, 0x99, 0x0, 0xc, 0x80, 0x1f, 0x3a, 0x0,
    0x6, 0x80, 0x5, 0x20, 0x2, 0x90, 0xf, 0xea,
    0x10, 0x2, 0x30, 0x78, 0x5, 0xc0, 0x1f, 0xe1,
    0xb0, 0xa, 0xcc, 0x80, 0x10, 0x60, 0x1f, 0xf2,
    0xb0, 0x0, 0xbc, 0x0, 0x8e, 0x1, 0xff, 0xc1,
    0x92, 0x0, 0x18, 0xd, 0x0, 0x7f, 0xf0, 0xec,
    0x3, 0x48, 0x80, 0x7f, 0xf0, 0x86, 0x0, 0x34,
    0x88, 0x7, 0xff, 0xa, 0x84, 0x10, 0x0, 0x34,
    0x1, 0xff, 0xc1, 0x64, 0x0, 0x42, 0x0, 0x11,
    0x80, 0x3f, 0xe2, 0x90, 0x1, 0x9b, 0xc0, 0x29,
    0x20, 0xf, 0xf7, 0x80, 0x5c, 0x8, 0xc0, 0x17,
    0x80, 0x7f, 0x49, 0x0, 0x24, 0x80, 0x12, 0x40,
    0x2, 0x90, 0xf, 0x91, 0x80, 0x8, 0xc0, 0x1b,
    0x80, 0x26, 0x40, 0xe, 0x1a, 0x0, 0xd, 0x0,
    0x71, 0xc0, 0x5, 0x42, 0x1, 0xa8, 0x40, 0x14,
    0x20, 0x1e, 0x73, 0x0, 0xd, 0x0, 0x4c, 0x80,
    0x6, 0x40, 0xf, 0xda, 0x20, 0x4, 0x70, 0x29,
    0x0, 0x14, 0x80, 0x7f, 0xd, 0x80, 0x50, 0x40,

    /* U+0079 "y" */
    0x2, 0x45, 0x30, 0xf, 0xfe, 0x0, 0x9a, 0x28,
    0xe, 0xdd, 0x70, 0x7, 0xff, 0x3, 0x72, 0xfc,
    0x5, 0x0, 0x4, 0x60, 0x1f, 0xe2, 0x30, 0x7,
    0x0, 0x38, 0x2, 0xa0, 0xf, 0xf5, 0x0, 0x5,
    0x0, 0xa, 0x1, 0x38, 0x7, 0xf9, 0x80, 0xc,
    0x1, 0x98, 0x0, 0x28, 0x1, 0xf9, 0x4, 0x1,
    0x40, 0x1b, 0x40, 0x2e, 0x0, 0xfd, 0xc0, 0x3,
    0x20, 0xc, 0x84, 0x0, 0x51, 0x0, 0xf9, 0x40,
    0x16, 0x1, 0xe5, 0x0, 0x9c, 0x3, 0xcc, 0x1,
    0x30, 0x7, 0xa8, 0x2, 0xa0, 0xf, 0x50, 0x1,
    0x4, 0x3, 0xc4, 0x60, 0x3, 0x20, 0xc, 0x46,
    0x0, 0xe0, 0xf, 0xd4, 0x1, 0x50, 0x6, 0xa0,
    0x0, 0xa8, 0x7, 0xe7, 0x0, 0x98, 0x3, 0x28,
    0x1, 0xc0, 0x3f, 0x85, 0x40, 0x2, 0x80, 0x4,
    0x20, 0x5, 0x0, 0x7f, 0xb8, 0x2, 0xd0, 0x6,
    0x80, 0x8, 0xc0, 0x3f, 0xc8, 0x20, 0x6, 0x0,
    0x30, 0x2, 0x80, 0x3f, 0xf8, 0xc, 0x1, 0x19,
    0x80, 0x26, 0x0, 0xff, 0xe0, 0x58, 0x4, 0xa8,
    0x0, 0x41, 0x0, 0xff, 0xe0, 0x19, 0x0, 0x33,
    0x40, 0x1c, 0x1, 0xff, 0xc2, 0xa0, 0x2, 0x20,
    0x0, 0xa0, 0x1f, 0xfc, 0x26, 0x0, 0x8, 0x81,
    0x80, 0x3f, 0xf8, 0x62, 0x80, 0x1a, 0x80, 0x3f,
    0xf8, 0x9c, 0x1, 0x11, 0x80, 0x7f, 0xf1, 0x10,
    0x2, 0xa0, 0xf, 0xfe, 0x2b, 0x0, 0x4c, 0x1,
    0xff, 0xc5, 0x90, 0x2, 0x88, 0x7, 0xff, 0x12,
    0x4, 0x1, 0x20, 0x1f, 0xfc, 0x43, 0x70, 0x2,
    0x18, 0x7, 0xff, 0x0, 0xd0, 0x13, 0x40, 0x29,
    0x0, 0xff, 0xe0, 0xf5, 0xfd, 0x88, 0x2, 0x48,
    0x3, 0xff, 0x80, 0x84, 0x1, 0xd0, 0xc0, 0x1f,
    0xfc, 0x14, 0xc5, 0x10, 0x3b, 0x70, 0xf, 0xfe,
    0x8,

    /* U+007A "z" */
    0x6, 0xff, 0xff, 0xe0, 0xe8, 0x0, 0x80, 0x3f,
    0xf8, 0x2c, 0x0, 0x60, 0xf, 0x85, 0x18, 0x40,
    0x12, 0x0, 0x2d, 0xdf, 0x77, 0x2c, 0x4, 0x18,
    0x80, 0x22, 0x2f, 0x8, 0x4b, 0x0, 0xc0, 0x7,
    0xfd, 0xc, 0x0, 0x81, 0x0, 0xff, 0x13, 0x80,
    0x9, 0x80, 0x3f, 0xe9, 0x0, 0xa4, 0x3, 0xfe,
    0x54, 0x0, 0x2a, 0x0, 0x7f, 0xd6, 0x1, 0x58,
    0x7, 0xfd, 0x2, 0x0, 0x71, 0x0, 0xff, 0x13,
    0x80, 0x6, 0x0, 0x3f, 0xe9, 0x0, 0xac, 0x3,
    0xfe, 0x54, 0x0, 0x1a, 0x80, 0x7f, 0xd0, 0x1,
    0x78, 0x7, 0xfd, 0x4, 0x0, 0x63, 0x0, 0xff,
    0x13, 0x80, 0x6, 0x0, 0x3f, 0xe9, 0x0, 0xe,
    0x8, 0x7, 0xf9, 0x10, 0x3, 0x84, 0x4, 0x5f,
    0x84, 0x24, 0x0, 0x91, 0xbf, 0xbb, 0xfa, 0xdc,
    0x80, 0xa, 0xa2, 0x0, 0xfe, 0x6e, 0x0, 0xff,
    0xe1, 0x90,

    /* U+007B "{" */
    0x0, 0xfe, 0x6b, 0xef, 0xf6, 0xd2, 0x80, 0x7f,
    0x64, 0xa0, 0x80, 0x9, 0x64, 0x3, 0xf5, 0x98,
    0x6, 0x20, 0x4, 0x0, 0x7c, 0x68, 0x1, 0x4f,
    0xef, 0xea, 0x0, 0x7d, 0x40, 0x13, 0xb0, 0x4,
    0x40, 0x1f, 0x94, 0x2, 0xb0, 0xf, 0xfe, 0x9,
    0x0, 0x44, 0x1, 0xff, 0xc1, 0x10, 0x8, 0x40,
    0x3f, 0xff, 0xe0, 0x1f, 0xfe, 0x11, 0x0, 0x84,
    0x3, 0xff, 0x82, 0xa0, 0x12, 0x80, 0x7f, 0xf0,
    0x74, 0x2, 0x30, 0xf, 0xf8, 0x61, 0x80, 0x2a,
    0x0, 0xfc, 0xff, 0xee, 0x70, 0x9, 0x48, 0x3,
    0xff, 0x89, 0x60, 0x1f, 0xc2, 0x1, 0xf5, 0x80,
    0x7f, 0x37, 0xfb, 0xa0, 0x2, 0x53, 0x0, 0xff,
    0x85, 0xd8, 0x2, 0xa0, 0xf, 0xfe, 0xd, 0x0,
    0x4a, 0x1, 0xff, 0xc1, 0x20, 0x8, 0x80, 0x3f,
    0xf8, 0x22, 0x1, 0x8, 0x7, 0xff, 0xfc, 0x3,
    0xff, 0xc6, 0x40, 0x11, 0x0, 0x7f, 0xf0, 0x5c,
    0x2, 0x50, 0xf, 0xfe, 0xf, 0x80, 0x50, 0xa0,
    0x11, 0x0, 0x7e, 0x53, 0x0, 0xab, 0xb7, 0xb4,
    0xc0, 0x3f, 0x69, 0x0, 0x42, 0x42, 0x1e, 0x1,
    0xf8, 0x76, 0x50, 0x40, 0x2, 0xb2, 0x0,

    /* U+007C "|" */
    0x78, 0xab, 0x87, 0x54, 0x0, 0xff, 0xff, 0x80,
    0x7f, 0xfe, 0x40,

    /* U+007D "}" */
    0x4, 0xad, 0xff, 0x75, 0xb0, 0x7, 0xfb, 0xd4,
    0x80, 0x2, 0x93, 0x82, 0x1, 0xfa, 0x0, 0x4,
    0x20, 0x11, 0xd0, 0x7, 0xe3, 0xdf, 0xde, 0xa0,
    0x9, 0x10, 0x1, 0xf8, 0x80, 0x25, 0x80, 0xb,
    0x40, 0x3f, 0xf8, 0x2a, 0x1, 0x20, 0x7, 0xff,
    0x4, 0x80, 0x22, 0x0, 0xff, 0xff, 0x80, 0x7f,
    0xf8, 0xc4, 0x2, 0x10, 0xf, 0xfe, 0x9, 0x80,
    0x7f, 0xf1, 0x58, 0x2, 0x50, 0xf, 0xfe, 0x9,
    0x80, 0x5c, 0x1, 0xff, 0xc1, 0xa0, 0x9, 0x60,
    0x80, 0x3f, 0xe2, 0x60, 0x9, 0xf7, 0xfc, 0xe0,
    0x1f, 0xd0, 0x1, 0xff, 0xc5, 0xb0, 0xf, 0xfe,
    0x21, 0xa8, 0x5, 0x1d, 0xfe, 0x70, 0xf, 0xd6,
    0x1, 0x33, 0x88, 0x7, 0xfc, 0x80, 0x16, 0x80,
    0x7f, 0xf0, 0x48, 0x2, 0x50, 0xf, 0xfe, 0x98,
    0x80, 0x42, 0x1, 0xff, 0xff, 0x0, 0xff, 0xe7,
    0x90, 0x4, 0x20, 0x1f, 0xfc, 0x15, 0x0, 0x90,
    0x3, 0xf1, 0x0, 0x4b, 0x0, 0x17, 0x80, 0x7c,
    0x7b, 0xdb, 0xf4, 0x1, 0x12, 0x80, 0x7d, 0x0,
    0x24, 0x1, 0x8b, 0x0, 0x3f, 0x72, 0x90, 0x0,
    0x4e, 0x34, 0x40, 0x3e,

    /* U+007E "~" */
    0x0, 0xe5, 0xac, 0xb7, 0x10, 0xf, 0xe7, 0x64,
    0x0, 0xc3, 0x94, 0xa6, 0x91, 0xce, 0x1, 0xf1,
    0xc4, 0xd8, 0x4, 0x3e, 0x60, 0x1e, 0x8d, 0x30,
    0xe, 0xf0, 0x2, 0x80, 0x54, 0x20, 0x1f, 0x8b,
    0x28, 0xc0, 0xac, 0xc0, 0x12, 0x0, 0x64, 0x0,
    0x36, 0xfd, 0xa0, 0x6, 0x5c, 0xfd, 0x40, 0x2,
    0x98, 0x2, 0xc0, 0xd, 0x24, 0x9, 0x76, 0x20,
    0xf, 0xc5, 0x60, 0x12, 0x29, 0xc8, 0x7, 0x26,
    0xc0, 0x7, 0x8f, 0x4, 0x2, 0x9a, 0xc0, 0xf,
    0xcf, 0xcc, 0x20, 0x73, 0x82, 0x1, 0x0,

    /* U+00B0 "°" */
    0x0, 0x97, 0x3f, 0xd8, 0xa0, 0x1d, 0x54, 0x30,
    0x1, 0xd5, 0x0, 0x27, 0x50, 0x5b, 0xb2, 0x82,
    0xb8, 0x2, 0x1, 0xe9, 0x11, 0x4e, 0x10, 0x8,
    0x0, 0x80, 0xd, 0x0, 0x4, 0x10, 0x20, 0xf,
    0x10, 0x8, 0x80, 0x80, 0x3c, 0x40, 0x28, 0x0,
    0x80, 0xd, 0x0, 0x4, 0x8, 0x7, 0xa4, 0x45,
    0x38, 0x40, 0x1, 0xd4, 0x16, 0xec, 0xa0, 0xae,
    0x1, 0x55, 0xc, 0x0, 0x75, 0x40, 0x0
};


/*---------------------
 *  GLYPH DESCRIPTION
 *--------------------*/

static const lv_font_fmt_txt_glyph_dsc_t glyph_dsc[] = {
    {.bitmap_index = 0, .adv_w = 0, .box_w = 0, .box_h = 0, .ofs_x = 0, .ofs_y = 0} /* id = 0 reserved */,
    {.bitmap_index = 0, .adv_w = 224, .box_w = 0, .box_h = 0, .ofs_x = 0, .ofs_y = 0},
    {.bitmap_index = 0, .adv_w = 224, .box_w = 6, .box_h = 30, .ofs_x = 3, .ofs_y = 0},
    {.bitmap_index = 33, .adv_w = 256, .box_w = 10, .box_h = 9, .ofs_x = 3, .ofs_y = 21},
    {.bitmap_index = 74, .adv_w = 544, .box_w = 30, .box_h = 32, .ofs_x = 2, .ofs_y = -1},
    {.bitmap_index = 346, .adv_w = 352, .box_w = 19, .box_h = 39, .ofs_x = 2, .ofs_y = -4},
    {.bitmap_index = 569, .adv_w = 576, .box_w = 34, .box_h = 30, .ofs_x = 1, .ofs_y = 0},
    {.bitmap_index = 946, .adv_w = 448, .box_w = 25, .box_h = 30, .ofs_x = 2, .ofs_y = 0},
    {.bitmap_index = 1212, .adv_w = 128, .box_w = 5, .box_h = 9, .ofs_x = 2, .ofs_y = 21},
    {.bitmap_index = 1232, .adv_w = 288, .box_w = 9, .box_h = 40, .ofs_x = 4, .ofs_y = -8},
    {.bitmap_index = 1300, .adv_w = 288, .box_w = 9, .box_h = 40, .ofs_x = 5, .ofs_y = -8},
    {.bitmap_index = 1367, .adv_w = 352, .box_w = 16, .box_h = 15, .ofs_x = 2, .ofs_y = 14},
    {.bitmap_index = 1456, .adv_w = 384, .box_w = 18, .box_h = 20, .ofs_x = 2, .ofs_y = 2},
    {.bitmap_index = 1496, .adv_w = 160, .box_w = 6, .box_h = 12, .ofs_x = 2, .ofs_y = -6},
    {.bitmap_index = 1531, .adv_w = 288, .box_w = 10, .box_h = 4, .ofs_x = 4, .ofs_y = 9},
    {.bitmap_index = 1539, .adv_w = 192, .box_w = 8, .box_h = 7, .ofs_x = 1, .ofs_y = 0},
    {.bitmap_index = 1564, .adv_w = 352, .box_w = 19, .box_h = 34, .ofs_x = 1, .ofs_y = -2},
    {.bitmap_index = 1763, .adv_w = 416, .box_w = 22, .box_h = 30, .ofs_x = 1, .ofs_y = 0},
    {.bitmap_index = 1983, .adv_w = 416, .box_w = 18, .box_h = 30, .ofs_x = 3, .ofs_y = 0},
    {.bitmap_index = 2073, .adv_w = 416, .box_w = 19, .box_h = 30, .ofs_x = 3, .ofs_y = 0},
    {.bitmap_index = 2250, .adv_w = 416, .box_w = 18, .box_h = 30, .ofs_x = 4, .ofs_y = 0},
    {.bitmap_index = 2432, .adv_w = 416, .box_w = 20, .box_h = 30, .ofs_x = 2, .ofs_y = 0},
    {.bitmap_index = 2592, .adv_w = 416, .box_w = 17, .box_h = 30, .ofs_x = 4, .ofs_y = 0},
    {.bitmap_index = 2734, .adv_w = 416, .box_w = 21, .box_h = 30, .ofs_x = 2, .ofs_y = 0},
    {.bitmap_index = 2962, .adv_w = 416, .box_w = 18, .box_h = 30, .ofs_x = 4, .ofs_y = 0},
    {.bitmap_index = 3106, .adv_w = 416, .box_w = 21, .box_h = 30, .ofs_x = 2, .ofs_y = 0},
    {.bitmap_index = 3349, .adv_w = 416, .box_w = 21, .box_h = 30, .ofs_x = 2, .ofs_y = 0},
    {.bitmap_index = 3577, .adv_w = 192, .box_w = 6, .box_h = 16, .ofs_x = 3, .ofs_y = 0},
    {.bitmap_index = 3614, .adv_w = 160, .box_w = 6, .box_h = 22, .ofs_x = 2, .ofs_y = -6},
    {.bitmap_index = 3670, .adv_w = 416, .box_w = 18, .box_h = 23, .ofs_x = 4, .ofs_y = 1},
    {.bitmap_index = 3808, .adv_w = 320, .box_w = 16, .box_h = 9, .ofs_x = 2, .ofs_y = 5},
    {.bitmap_index = 3833, .adv_w = 416, .box_w = 18, .box_h = 23, .ofs_x = 4, .ofs_y = 1},
    {.bitmap_index = 3971, .adv_w = 352, .box_w = 18, .box_h = 30, .ofs_x = 2, .ofs_y = 0},
    {.bitmap_index = 4145, .adv_w = 640, .box_w = 34, .box_h = 38, .ofs_x = 3, .ofs_y = -8},
    {.bitmap_index = 4619, .adv_w = 416, .box_w = 24, .box_h = 31, .ofs_x = 1, .ofs_y = 0},
    {.bitmap_index = 4855, .adv_w = 416, .box_w = 20, .box_h = 30, .ofs_x = 3, .ofs_y = 0},
    {.bitmap_index = 5055, .adv_w = 384, .box_w = 22, .box_h = 30, .ofs_x = 1, .ofs_y = 0},
    {.bitmap_index = 5253, .adv_w = 416, .box_w = 22, .box_h = 30, .ofs_x = 3, .ofs_y = 0},
    {.bitmap_index = 5442, .adv_w = 384, .box_w = 18, .box_h = 30, .ofs_x = 3, .ofs_y = 0},
    {.bitmap_index = 5521, .adv_w = 352, .box_w = 18, .box_h = 30, .ofs_x = 3, .ofs_y = 0},
    {.bitmap_index = 5585, .adv_w = 416, .box_w = 23, .box_h = 30, .ofs_x = 1, .ofs_y = 0},
    {.bitmap_index = 5793, .adv_w = 448, .box_w = 22, .box_h = 30, .ofs_x = 3, .ofs_y = 0},
    {.bitmap_index = 5858, .adv_w = 192, .box_w = 5, .box_h = 30, .ofs_x = 3, .ofs_y = 0},
    {.bitmap_index = 5874, .adv_w = 288, .box_w = 14, .box_h = 30, .ofs_x = 0, .ofs_y = 0},
    {.bitmap_index = 5960, .adv_w = 384, .box_w = 21, .box_h = 31, .ofs_x = 3, .ofs_y = 0},
    {.bitmap_index = 6157, .adv_w = 352, .box_w = 18, .box_h = 30, .ofs_x = 3, .ofs_y = 0},
    {.bitmap_index = 6217, .adv_w = 576, .box_w = 30, .box_h = 30, .ofs_x = 3, .ofs_y = 0},
    {.bitmap_index = 6468, .adv_w = 480, .box_w = 23, .box_h = 30, .ofs_x = 3, .ofs_y = 0},
    {.bitmap_index = 6651, .adv_w = 512, .box_w = 28, .box_h = 30, .ofs_x = 2, .ofs_y = 0},
    {.bitmap_index = 6933, .adv_w = 384, .box_w = 19, .box_h = 30, .ofs_x = 3, .ofs_y = 0},
    {.bitmap_index = 7066, .adv_w = 512, .box_w = 28, .box_h = 33, .ofs_x = 2, .ofs_y = -3},
    {.bitmap_index = 7385, .adv_w = 416, .box_w = 22, .box_h = 30, .ofs_x = 3, .ofs_y = 0},
    {.bitmap_index = 7583, .adv_w = 352, .box_w = 20, .box_h = 30, .ofs_x = 1, .ofs_y = 0},
    {.bitmap_index = 7787, .adv_w = 384, .box_w = 22, .box_h = 30, .ofs_x = 1, .ofs_y = 0},
    {.bitmap_index = 7832, .adv_w = 448, .box_w = 22, .box_h = 31, .ofs_x = 3, .ofs_y = 0},
    {.bitmap_index = 7963, .adv_w = 416, .box_w = 24, .box_h = 31, .ofs_x = 1, .ofs_y = 0},
    {.bitmap_index = 8213, .adv_w = 608, .box_w = 36, .box_h = 31, .ofs_x = 1, .ofs_y = 0},
    {.bitmap_index = 8624, .adv_w = 416, .box_w = 24, .box_h = 31, .ofs_x = 1, .ofs_y = 0},
    {.bitmap_index = 8882, .adv_w = 384, .box_w = 22, .box_h = 31, .ofs_x = 1, .ofs_y = 0},
    {.bitmap_index = 9041, .adv_w = 384, .box_w = 22, .box_h = 30, .ofs_x = 1, .ofs_y = 0},
    {.bitmap_index = 9232, .adv_w = 288, .box_w = 12, .box_h = 38, .ofs_x = 2, .ofs_y = -8},
    {.bitmap_index = 9288, .adv_w = 352, .box_w = 19, .box_h = 34, .ofs_x = 1, .ofs_y = -2},
    {.bitmap_index = 9480, .adv_w = 320, .box_w = 12, .box_h = 38, .ofs_x = 2, .ofs_y = -8},
    {.bitmap_index = 9536, .adv_w = 480, .box_w = 26, .box_h = 12, .ofs_x = 2, .ofs_y = 18},
    {.bitmap_index = 9642, .adv_w = 352, .box_w = 22, .box_h = 4, .ofs_x = 0, .ofs_y = -9},
    {.bitmap_index = 9652, .adv_w = 352, .box_w = 9, .box_h = 7, .ofs_x = 5, .ofs_y = 24},
    {.bitmap_index = 9680, .adv_w = 336, .box_w = 18, .box_h = 22, .ofs_x = 1, .ofs_y = 0},
    {.bitmap_index = 9830, .adv_w = 384, .box_w = 19, .box_h = 32, .ofs_x = 3, .ofs_y = 0},
    {.bitmap_index = 9988, .adv_w = 320, .box_w = 17, .box_h = 22, .ofs_x = 2, .ofs_y = 0},
    {.bitmap_index = 10125, .adv_w = 384, .box_w = 19, .box_h = 33, .ofs_x = 2, .ofs_y = 0},
    {.bitmap_index = 10287, .adv_w = 352, .box_w = 18, .box_h = 22, .ofs_x = 2, .ofs_y = 0},
    {.bitmap_index = 10436, .adv_w = 256, .box_w = 15, .box_h = 32, .ofs_x = 1, .ofs_y = 0},
    {.bitmap_index = 10515, .adv_w = 384, .box_w = 18, .box_h = 33, .ofs_x = 2, .ofs_y = -10},
    {.bitmap_index = 10727, .adv_w = 384, .box_w = 17, .box_h = 32, .ofs_x = 3, .ofs_y = 0},
    {.bitmap_index = 10815, .adv_w = 192, .box_w = 5, .box_h = 30, .ofs_x = 3, .ofs_y = 0},
    {.bitmap_index = 10838, .adv_w = 192, .box_w = 10, .box_h = 40, .ofs_x = -2, .ofs_y = -10},
    {.bitmap_index = 10901, .adv_w = 352, .box_w = 19, .box_h = 33, .ofs_x = 3, .ofs_y = 0},
    {.bitmap_index = 11059, .adv_w = 224, .box_w = 11, .box_h = 33, .ofs_x = 3, .ofs_y = 0},
    {.bitmap_index = 11119, .adv_w = 576, .box_w = 28, .box_h = 23, .ofs_x = 4, .ofs_y = 0},
    {.bitmap_index = 11229, .adv_w = 384, .box_w = 16, .box_h = 23, .ofs_x = 4, .ofs_y = 0},
    {.bitmap_index = 11295, .adv_w = 384, .box_w = 20, .box_h = 22, .ofs_x = 2, .ofs_y = 0},
    {.bitmap_index = 11461, .adv_w = 384, .box_w = 18, .box_h = 33, .ofs_x = 4, .ofs_y = -10},
    {.bitmap_index = 11617, .adv_w = 384, .box_w = 18, .box_h = 32, .ofs_x = 2, .ofs_y = -10},
    {.bitmap_index = 11769, .adv_w = 256, .box_w = 12, .box_h = 23, .ofs_x = 4, .ofs_y = 0},
    {.bitmap_index = 11821, .adv_w = 288, .box_w = 16, .box_h = 22, .ofs_x = 1, .ofs_y = 0},
    {.bitmap_index = 11957, .adv_w = 256, .box_w = 14, .box_h = 29, .ofs_x = 1, .ofs_y = 0},
    {.bitmap_index = 12036, .adv_w = 384, .box_w = 16, .box_h = 23, .ofs_x = 4, .ofs_y = 0},
    {.bitmap_index = 12106, .adv_w = 352, .box_w = 20, .box_h = 24, .ofs_x = 1, .ofs_y = -1},
    {.bitmap_index = 12280, .adv_w = 480, .box_w = 28, .box_h = 23, .ofs_x = 1, .ofs_y = 0},
    {.bitmap_index = 12542, .adv_w = 352, .box_w = 22, .box_h = 22, .ofs_x = 0, .ofs_y = 0},
    {.bitmap_index = 12726, .adv_w = 352, .box_w = 22, .box_h = 32, .ofs_x = 0, .ofs_y = -10},
    {.bitmap_index = 12967, .adv_w = 320, .box_w = 17, .box_h = 22, .ofs_x = 1, .ofs_y = 0},
    {.bitmap_index = 13089, .adv_w = 415, .box_w = 18, .box_h = 38, .ofs_x = 4, .ofs_y = -8},
    {.bitmap_index = 13248, .adv_w = 128, .box_w = 4, .box_h = 38, .ofs_x = 2, .ofs_y = -8},
    {.bitmap_index = 13259, .adv_w = 384, .box_w = 18, .box_h = 38, .ofs_x = 4, .ofs_y = -8},
    {.bitmap_index = 13415, .adv_w = 480, .box_w = 24, .box_h = 8, .ofs_x = 3, .ofs_y = 8},
    {.bitmap_index = 13494, .adv_w = 192, .box_w = 12, .box_h = 11, .ofs_x = 0, .ofs_y = 19}
};

/*---------------------
 *  CHARACTER MAPPING
 *--------------------*/



/*Collect the unicode lists and glyph_id offsets*/
static const lv_font_fmt_txt_cmap_t cmaps[] =
{
    {
        .range_start = 32, .range_length = 95, .glyph_id_start = 1,
        .unicode_list = NULL, .glyph_id_ofs_list = NULL, .list_length = 0, .type = LV_FONT_FMT_TXT_CMAP_FORMAT0_TINY
    },
    {
        .range_start = 176, .range_length = 1, .glyph_id_start = 96,
        .unicode_list = NULL, .glyph_id_ofs_list = NULL, .list_length = 0, .type = LV_FONT_FMT_TXT_CMAP_FORMAT0_TINY
    }
};

/*-----------------
 *    KERNING
 *----------------*/


/*Pair left and right glyphs for kerning*/
static const uint8_t kern_pair_glyph_ids[] =
{
    16, 16,
    35, 48,
    35, 53,
    35, 55,
    35, 56,
    35, 67,
    35, 73,
    35, 74,
    35, 75,
    35, 76,
    35, 78,
    35, 81,
    35, 86,
    35, 90,
    36, 48,
    37, 36,
    37, 85,
    38, 48,
    38, 55,
    39, 34,
    39, 66,
    39, 67,
    39, 68,
    39, 69,
    39, 70,
    39, 72,
    39, 73,
    39, 74,
    39, 75,
    39, 76,
    39, 78,
    39, 79,
    39, 80,
    39, 81,
    39, 82,
    39, 83,
    39, 84,
    39, 85,
    39, 86,
    39, 87,
    39, 88,
    39, 90,
    40, 59,
    40, 80,
    40, 82,
    45, 48,
    45, 50,
    45, 53,
    45, 55,
    45, 56,
    45, 58,
    45, 87,
    48, 37,
    48, 53,
    48, 55,
    48, 56,
    48, 57,
    48, 58,
    48, 67,
    48, 73,
    48, 74,
    48, 75,
    49, 34,
    49, 45,
    49, 55,
    49, 57,
    49, 58,
    49, 66,
    49, 68,
    49, 69,
    49, 70,
    49, 72,
    49, 73,
    49, 74,
    49, 75,
    49, 78,
    49, 79,
    49, 80,
    49, 81,
    49, 83,
    49, 86,
    49, 89,
    50, 55,
    50, 56,
    51, 48,
    51, 53,
    51, 55,
    51, 56,
    51, 69,
    52, 55,
    53, 34,
    53, 48,
    53, 66,
    53, 68,
    53, 69,
    53, 70,
    53, 72,
    53, 76,
    53, 78,
    53, 79,
    53, 80,
    53, 81,
    53, 82,
    53, 83,
    53, 84,
    53, 86,
    53, 87,
    53, 88,
    53, 89,
    53, 90,
    54, 34,
    55, 48,
    55, 66,
    55, 69,
    55, 70,
    55, 72,
    55, 74,
    55, 75,
    55, 76,
    55, 78,
    55, 79,
    55, 80,
    55, 81,
    55, 82,
    55, 83,
    55, 86,
    55, 87,
    55, 88,
    55, 89,
    55, 90,
    55, 91,
    56, 34,
    56, 48,
    56, 50,
    56, 69,
    56, 70,
    56, 72,
    56, 73,
    56, 74,
    56, 75,
    56, 76,
    56, 78,
    56, 79,
    56, 81,
    56, 82,
    56, 83,
    56, 86,
    56, 87,
    56, 88,
    56, 89,
    56, 90,
    56, 91,
    57, 48,
    58, 34,
    58, 48,
    58, 66,
    58, 67,
    58, 68,
    58, 69,
    58, 70,
    58, 72,
    58, 74,
    58, 75,
    58, 76,
    58, 78,
    58, 79,
    58, 81,
    58, 82,
    58, 83,
    58, 86,
    58, 87,
    58, 88,
    58, 89,
    58, 90,
    58, 91,
    59, 48,
    66, 53,
    66, 58,
    66, 84,
    68, 53,
    68, 74,
    69, 69,
    69, 79,
    70, 53,
    71, 67,
    71, 68,
    71, 69,
    71, 70,
    71, 71,
    71, 72,
    71, 77,
    71, 78,
    71, 79,
    71, 80,
    71, 81,
    71, 82,
    71, 86,
    71, 88,
    72, 67,
    73, 53,
    73, 58,
    77, 77,
    77, 84,
    79, 75,
    79, 78,
    79, 79,
    80, 53,
    80, 55,
    80, 58,
    81, 53,
    81, 77,
    82, 53,
    82, 58,
    82, 77,
    83, 52,
    83, 71,
    83, 84,
    83, 85,
    83, 90,
    84, 53,
    85, 53,
    85, 85,
    86, 53,
    86, 58,
    86, 75,
    87, 53,
    87, 69,
    88, 69,
    90, 53,
    91, 48,
    91, 53,
    91, 58
};

/* Kerning between the respective left and right glyphs
 * 4.4 format which needs to scaled with `kern_scale`*/
static const int8_t kern_pair_values[] =
{
    -64, -32, -32, -32, -32, -32, -32, -32,
    -32, -32, -32, -32, -32, -32, -32, 32,
    32, -32, -32, -32, -32, -32, -32, -32,
    -32, -32, -32, -32, -32, -32, -32, -32,
    -32, -32, -32, -32, -32, -32, -32, -32,
    -32, -32, 32, 32, 32, -32, -32, -32,
    -48, -32, -32, -32, -32, -32, -32, -32,
    -32, -32, -32, -32, -32, -32, -32, -32,
    -32, -32, -32, -32, -32, -32, -32, -32,
    -32, -32, -32, -32, -32, -32, -32, -32,
    -32, -32, -32, -32, -32, -32, -32, -32,
    -32, -32, -32, -32, -32, -32, -32, -32,
    -32, -32, -32, -32, -32, -32, -32, -32,
    -32, -32, -32, -32, -32, -32, -32, -32,
    -32, -32, -32, -32, -32, -32, -32, -32,
    -32, -32, -32, -32, -32, -32, -32, -32,
    -32, -32, -32, -32, -32, -32, -32, -32,
    -32, -32, -32, -32, -32, -32, -32, -32,
    -32, -32, -32, -32, -32, -32, -32, -32,
    -32, -32, -32, -32, -32, -32, -32, -32,
    -32, -32, -32, -32, -32, -32, -32, -32,
    -32, -32, -32, -32, -32, -32, -32, -32,
    -32, -32, 32, -32, -32, -32, -32, -32,
    -32, -32, -32, -32, -32, -32, -32, -32,
    -32, -32, -32, -32, -32, -32, -32, -32,
    -32, -32, 32, -32, -32, -32, -64, -32,
    -32, -32, -32, -32, -32, -32, 32, 32,
    32, 32, 32, -32, -32, -32, -32, -32,
    -32, -32, -32, -32, -32, -32, -32, -32
};

/*Collect the kern pair's data in one place*/
static const lv_font_fmt_txt_kern_pair_t kern_pairs =
{
    .glyph_ids = kern_pair_glyph_ids,
    .values = kern_pair_values,
    .pair_cnt = 232,
    .glyph_ids_size = 0
};

/*--------------------
 *  ALL CUSTOM DATA
 *--------------------*/

#if LVGL_VERSION_MAJOR == 8
/*Store all the custom data of the font*/
static  lv_font_fmt_txt_glyph_cache_t cache;
#endif

#if LVGL_VERSION_MAJOR >= 8
static const lv_font_fmt_txt_dsc_t font_dsc = {
#else
static lv_font_fmt_txt_dsc_t font_dsc = {
#endif
    .glyph_bitmap = glyph_bitmap,
    .glyph_dsc = glyph_dsc,
    .cmaps = cmaps,
    .kern_dsc = &kern_pairs,
    .kern_scale = 16,
    .cmap_num = 2,
    .bpp = 4,
    .kern_classes = 0,
    .bitmap_format = 1,
#if LVGL_VERSION_MAJOR == 8
    .cache = &cache
#endif
};



/*-----------------
 *  PUBLIC FONT
 *----------------*/

/*Initialize a public general font descriptor*/
#if LVGL_VERSION_MAJOR >= 8
const lv_font_t b612_40 = {
#else
lv_font_t b612_40 = {
#endif
    .get_glyph_dsc = lv_font_get_glyph_dsc_fmt_txt,    /*Function pointer to get glyph's data*/
    .get_glyph_bitmap = lv_font_get_bitmap_fmt_txt,    /*Function pointer to get glyph's bitmap*/
    .line_height = 45,          /*The maximum line height required by the font*/
    .base_line = 10,             /*Baseline measured from the bottom of the line*/
#if !(LVGL_VERSION_MAJOR == 6 && LVGL_VERSION_MINOR == 0)
    .subpx = LV_FONT_SUBPX_NONE,
#endif
#if LV_VERSION_CHECK(7, 4, 0) || LVGL_VERSION_MAJOR >= 8
    .underline_position = -5,
    .underline_thickness = 2,
#endif
    .dsc = &font_dsc,          /*The custom font data. Will be accessed by `get_glyph_bitmap/dsc` */
#if LV_VERSION_CHECK(8, 2, 0) || LVGL_VERSION_MAJOR >= 9
    .fallback = NULL,
#endif
    .user_data = NULL,
};



#endif /*#if B612_40*/
